Artist,Artist_popularity,Artist_follower,Artist_id
Ava Max,87,1025358,4npEfmQ6YuiwW1GpUmaq3F
Billie Eilish,98,18867904,6qqNVTkY8uBg9cP3Jd7DAH
Ariana Grande,97,40958727,66CXWjxzNUsdJxJ2JdwvnR
Tones and I,92,484241,2NjfBq1NflQcKSeiDooVjY
Shawn Mendes,94,23152263,7n2wHs1TKAczGzO7Dd2rGr
Daddy Yankee,95,15857952,4VMYDCV2IEDYJArk749S6m
Lady Gaga,89,10181517,1HY2Jd0NmPuamShAr6KMms
Lewis Capaldi,92,2143489,4GNC7GD6oZMSxPGyXy4MNB
Marshmello,90,20341696,64KEffDW9EtZ1y2vBYgq8T
Post Malone,100,21335421,246dkjvS1zLTtiykXe5h60
Halsey,92,9063023,26VFTg2z8YR0cCuwLzESi2
Pedro Capó,83,827312,4QVBYiagIaa6ZGSPMbybpy
Sam Smith,92,11220622,2wY79sveU1sp5g7SokKOiI
Post Malone,100,21335421,246dkjvS1zLTtiykXe5h60
Ed Sheeran,98,57463755,6eUKZXaKkcviH0Ku9w2n3V
Lil Nas X,87,2218983,7jVv8c5Fj3E9VhNjxT4snq
Anuel AA,96,9911627,2R21vXR83lH98kGeO99Y66
Bad Bunny,98,17863391,4q3ewBCX7sLwd24euuV69X
J. Cole,91,10036739,6l3HvQ5sa6mXTsMTB19rO5
Panic! At The Disco,88,8777959,20JZFwl6HVl6yg8a4H3ZqK
Travis Scott,98,7626718,0Y5tJX1MQlPlqiwlOH1tJY
Ariana Grande,97,40958727,66CXWjxzNUsdJxJ2JdwvnR
Ed Sheeran,98,57463755,6eUKZXaKkcviH0Ku9w2n3V
Ariana Grande,97,40958727,66CXWjxzNUsdJxJ2JdwvnR
benny blanco,83,458671,5CiGnKThu5ctn9pBxv7DGa
Post Malone,100,21335421,246dkjvS1zLTtiykXe5h60
Lizzo,88,1838446,56oDRnqbIiwx4mymNEv7dS
Meek Mill,88,3826161,20sxb77xiYeusSH8cVdatc
Mabel,82,554723,1MIVXf74SZHmTIp4V4paH4
Juice WRLD,98,7403812,4MCBfE4596Uoi2O4DtmEMz
Ava Max,87,1025358,4npEfmQ6YuiwW1GpUmaq3F
Post Malone,100,21335421,246dkjvS1zLTtiykXe5h60
Sam Smith,92,11220622,2wY79sveU1sp5g7SokKOiI
Post Malone,100,21335421,246dkjvS1zLTtiykXe5h60
Y2K,81,134196,6USMTwO0MNDnKte5a5h0xx
Maroon 5,94,21668307,04gDigrS5kc9YWfZHwBETP
Khalid,96,10092177,6LuN9FCkKOj5PcnpouEgny
Bad Bunny,98,17863391,4q3ewBCX7sLwd24euuV69X
MEDUZA,85,152909,0xRXCcSX89eobfrshSVdyu
Billie Eilish,98,18867904,6qqNVTkY8uBg9cP3Jd7DAH
Sech,95,2397904,77ziqFxp5gaInVrF2lj4ht
Alec Benjamin,84,1106781,5IH6FPUwQTxPSXurCrcIov
Jhay Cortez,84,508260,0EFisYRi20PTADoJrifHrz
Maroon 5,94,21668307,04gDigrS5kc9YWfZHwBETP
Ed Sheeran,98,57463755,6eUKZXaKkcviH0Ku9w2n3V
ROSALÍA,87,2299313,7ltDVBr6mKbRvohxheJ9h1
Billie Eilish,98,18867904,6qqNVTkY8uBg9cP3Jd7DAH
Drake,99,43763483,3TVXtAsR1Inumwj472S9r4
XXXTENTACION,95,17294420,15UsOTVnJzReFVN1VCnxy4
Lauv,91,2139634,5JZ7CnR6gTvEMKX4g70Amv
Anuel AA,96,9911627,2R21vXR83lH98kGeO99Y66
DJ Snake,88,6393532,540vIaP2JwjQb9dm3aArA4
Ed Sheeran,98,57463755,6eUKZXaKkcviH0Ku9w2n3V
Khalid,96,10092177,6LuN9FCkKOj5PcnpouEgny
J Balvin,99,17106207,1vyhD5VmyZ7KMfW5gqLgo5
Lil Nas X,87,2218983,7jVv8c5Fj3E9VhNjxT4snq
A Boogie Wit da Hoodie,91,3899600,31W5EY0aAly4Qieq6OFu6I
Imagine Dragons,92,24617484,53XhwfbYqKCa1cC15pYq2q
5 Seconds of Summer,87,5627772,5Rl15oVamLq7FbSb0NNBNy
Jonas Brothers,87,3492262,7gOdHgIoIKoe4i9Tta6qdD
XXXTENTACION,95,17294420,15UsOTVnJzReFVN1VCnxy4
Ed Sheeran,98,57463755,6eUKZXaKkcviH0Ku9w2n3V
Travis Scott,98,7626718,0Y5tJX1MQlPlqiwlOH1tJY
Lil Nas X,87,2218983,7jVv8c5Fj3E9VhNjxT4snq
Shawn Mendes,94,23152263,7n2wHs1TKAczGzO7Dd2rGr
Queen,93,22898929,1dfeR4HaWDbWqFHLkxsg1d
Ozuna,98,21123358,1i8SpTcr7yvPOmcqrbnVXY
DJ Snake,88,6393532,540vIaP2JwjQb9dm3aArA4
Lunay,88,1349511,47MpMsUfWtgyIIBEFOr4FE
Anne-Marie,86,5194708,1zNqDE7qDGCsyzJwohVaoX
Lauv,91,2139634,5JZ7CnR6gTvEMKX4g70Amv
Queen,93,22898929,1dfeR4HaWDbWqFHLkxsg1d
Nicky Jam,94,10569805,1SupJlEpv7RS2tPNRaHViT
Jonas Brothers,87,3492262,7gOdHgIoIKoe4i9Tta6qdD
Maluma,92,18201306,1r4hJ1h58CWwUQe3MxPuau
James Arthur,87,5297706,4IWBUUAFIplrNtaOHcJPRM
Chris Brown,93,10352577,7bXgB6jMjp9ATFy66eO08Z
blackbear,90,2708485,2cFrymmkijnjDg9SS92EPM
Calvin Harris,90,19331795,7CajNmpbOovFoOoasH2HaY
Queen,93,22898929,1dfeR4HaWDbWqFHLkxsg1d
Marshmello,90,20341696,64KEffDW9EtZ1y2vBYgq8T
Billie Eilish,98,18867904,6qqNVTkY8uBg9cP3Jd7DAH
Lil Baby,93,3258508,5f7VJjfbwm532GiveGC0ZK
DaBaby,95,1799463,4r63FhuTkUYltbVAg5TQnk
Dynoro,78,167708,3v6Ji4uoWtKRkhuDUaxi9n
DJ Luian,82,522058,64aJYyrXljOodnUG6jvhRD
BTS,93,15652748,3Nrfpe0tUJi4K4DXYWgMUX
XXXTENTACION,95,17294420,15UsOTVnJzReFVN1VCnxy4
Imagine Dragons,92,24617484,53XhwfbYqKCa1cC15pYq2q
YNW Melly,90,2433412,1cNDP5yjU5vjeR8qMf4grg
Katy Perry,89,14486730,6jJ0s89eD6GaHleKKya26X
Ed Sheeran,98,57463755,6eUKZXaKkcviH0Ku9w2n3V
Drake,99,43763483,3TVXtAsR1Inumwj472S9r4
Paulo Londra,86,9006523,3vQ0GE3mI0dAaxIMYe5g7z
Billie Eilish,98,18867904,6qqNVTkY8uBg9cP3Jd7DAH
Selena Gomez,93,18882676,0C8ZW7ezQVs4URX5aX7Kqx
A Boogie Wit da Hoodie,91,3899600,31W5EY0aAly4Qieq6OFu6I
Kygo,89,5922832,23fqKkggKUBHNkbKtXEls4
Shawn Mendes,94,23152263,7n2wHs1TKAczGzO7Dd2rGr
J Balvin,99,17106207,1vyhD5VmyZ7KMfW5gqLgo5
Dominic Fike,78,227111,6USv9qhCn6zfxlBQIYJ9qs
Ellie Goulding,87,7390843,0X2BH1fck6amBIoJhDVmmJ
Kodak Black,87,5428094,46SHBwWsqBkxI7EeeBEQG7
Cardi B,92,10412486,4kYSro6naA4h99UJvo89HB
Ali Gatie,82,464535,4rTv3Ejc7hKMtmoBOK1B4T
Sam Smith,92,11220622,2wY79sveU1sp5g7SokKOiI
Sech,95,2397904,77ziqFxp5gaInVrF2lj4ht
Regard,83,34267,4ofCBoyEiGSePFAG500xev
Ariana Grande,97,40958727,66CXWjxzNUsdJxJ2JdwvnR
Dua Lipa,93,14982761,6M2wZ9GZgrQXHCFfjv46we
The Black Eyed Peas,88,3959999,1yxSLGMDHlW21z4YXirZDS
Piso 21,84,4845869,4bw2Am3p9ji3mYsXNXtQcd
Post Malone,100,21335421,246dkjvS1zLTtiykXe5h60
Tainy,86,46061,0GM7qgcRCORpGnfcN2tCiB
21 Savage,90,7271390,1URnnhqYAYcrqrcwql10ft
Khalid,96,10092177,6LuN9FCkKOj5PcnpouEgny
Calvin Harris,90,19331795,7CajNmpbOovFoOoasH2HaY
Arizona Zervas,89,188185,0vRvGUQVUjytro0xpb26bs
OneRepublic,86,9208531,5Pwc4xIPtQLFEnJriah9YJ
ROSALÍA,87,2299313,7ltDVBr6mKbRvohxheJ9h1
Camila Cabello,96,14245838,4nDoRrQiYLoBzwC5BhVJzF
Anuel AA,96,9911627,2R21vXR83lH98kGeO99Y66
Dalex,93,875341,0KPX4Ucy9dk82uj4GpKesn
Camilo,86,536863,28gNT5KBp7IjEOQoevXf9N
Loud Luxury,78,240504,6t1gpxYbY8OlLA7D2RiikQ
Post Malone,100,21335421,246dkjvS1zLTtiykXe5h60
Ed Sheeran,98,57463755,6eUKZXaKkcviH0Ku9w2n3V
Imagine Dragons,92,24617484,53XhwfbYqKCa1cC15pYq2q
Dan + Shay,85,1377921,7z5WFjZAIYejWy0NI5lv4T
The Chainsmokers,91,15139114,69GGBxA162lTqCwzJG5jLp
Queen,93,22898929,1dfeR4HaWDbWqFHLkxsg1d
Mustard,86,540694,0YinUQ50QDB7ZxSCLyQ40k
Billie Eilish,98,18867904,6qqNVTkY8uBg9cP3Jd7DAH
Billie Eilish,98,18867904,6qqNVTkY8uBg9cP3Jd7DAH
Dean Lewis,83,926350,3QSQFmccmX81fWCUSPTS7y
Lil Nas X,87,2218983,7jVv8c5Fj3E9VhNjxT4snq
Sheck Wes,78,748033,2RDOrhPqAM4jzTRCEb19qX
Jonas Brothers,87,3492262,7gOdHgIoIKoe4i9Tta6qdD
Marshmello,90,20341696,64KEffDW9EtZ1y2vBYgq8T
Calvin Harris,90,19331795,7CajNmpbOovFoOoasH2HaY
Billie Eilish,98,18867904,6qqNVTkY8uBg9cP3Jd7DAH
Lil Tecca,88,1508291,4Ga1P7PMIsmqEZqhYZQgDo
Billie Eilish,98,18867904,6qqNVTkY8uBg9cP3Jd7DAH
Mau y Ricky,83,1531985,2wkoKEfS6dXwThbyTnZWFU
"Tyler, The Creator",87,3689916,4V8LLVI7PbaPR0K2TGSxFF
Juice WRLD,98,7403812,4MCBfE4596Uoi2O4DtmEMz
Zedd,86,4997291,2qxJFvFYMEDqd7ui6kSAcq
Avicii,89,16559762,1vCWHaC5f2uS3yhpwWbIA6
Billie Eilish,98,18867904,6qqNVTkY8uBg9cP3Jd7DAH
Shawn Mendes,94,23152263,7n2wHs1TKAczGzO7Dd2rGr
Paulo Londra,86,9006523,3vQ0GE3mI0dAaxIMYe5g7z
Ariana Grande,97,40958727,66CXWjxzNUsdJxJ2JdwvnR
Lady Gaga,89,10181517,1HY2Jd0NmPuamShAr6KMms
BLACKPINK,83,10276873,41MozSoPIsD1dJM0CLPjZF
Juice WRLD,98,7403812,4MCBfE4596Uoi2O4DtmEMz
Mark Ronson,83,749288,3hv9jJF3adDNsBSIQDqcjp
Camila Cabello,96,14245838,4nDoRrQiYLoBzwC5BhVJzF
Oasis,82,4804624,2DaxqgrOhkeH0fpeiQq2f4
Young Thug,94,4744074,50co4Is1HCEo8bhOyUWKpn
The Chainsmokers,91,15139114,69GGBxA162lTqCwzJG5jLp
Lewis Capaldi,92,2143489,4GNC7GD6oZMSxPGyXy4MNB
Avicii,89,16559762,1vCWHaC5f2uS3yhpwWbIA6
Billie Eilish,98,18867904,6qqNVTkY8uBg9cP3Jd7DAH
Alan Walker,89,17470399,7vk5e3vY1uw9plTHJAMwjN
Billie Eilish,98,18867904,6qqNVTkY8uBg9cP3Jd7DAH
Lil Nas X,87,2218983,7jVv8c5Fj3E9VhNjxT4snq
Tyga,92,5328383,5LHRHt1k9lMyONurDHEdrp
Gucci Mane,87,3031961,13y7CgLHjMVRMDqxdx0Xdo
Taylor Swift,95,25846444,06HL4z0CvFAxyc27GXpf02
Polo G,82,726169,6AgTAQt8XS6jRWi4sX7w49
Mariah Carey,89,5197826,4iHNK0tOyZPYnBU7nGAgpQ
Ariana Grande,97,40958727,66CXWjxzNUsdJxJ2JdwvnR
Taylor Swift,95,25846444,06HL4z0CvFAxyc27GXpf02
Post Malone,100,21335421,246dkjvS1zLTtiykXe5h60
Justin Quiles,95,2397904,77ziqFxp5gaInVrF2lj4ht
Young Thug,94,4744074,50co4Is1HCEo8bhOyUWKpn
The Chainsmokers,91,15139114,69GGBxA162lTqCwzJG5jLp
Maluma,92,18201306,1r4hJ1h58CWwUQe3MxPuau
Billie Eilish,98,18867904,6qqNVTkY8uBg9cP3Jd7DAH
Lauv,91,2139634,5JZ7CnR6gTvEMKX4g70Amv
Ellie Goulding,87,7390843,0X2BH1fck6amBIoJhDVmmJ
Halsey,92,9063023,26VFTg2z8YR0cCuwLzESi2
KAROL G,92,7947851,790FomKkXshlbRYZFtlgla
Blueface,81,1765266,3Fl1V19tmjt57oBdxXKAjJ
Daddy Yankee,95,15857952,4VMYDCV2IEDYJArk749S6m
Dua Lipa,93,14982761,6M2wZ9GZgrQXHCFfjv46we
Shawn Mendes,94,23152263,7n2wHs1TKAczGzO7Dd2rGr
Ariana Grande,97,40958727,66CXWjxzNUsdJxJ2JdwvnR
Lil Tecca,88,1508291,4Ga1P7PMIsmqEZqhYZQgDo
Rauw Alejandro,89,472527,1mcTU81TzQhprhouKaTkpq
Maluma,92,18201306,1r4hJ1h58CWwUQe3MxPuau
Post Malone,100,21335421,246dkjvS1zLTtiykXe5h60
Drake,99,43763483,3TVXtAsR1Inumwj472S9r4
Cardi B,92,10412486,4kYSro6naA4h99UJvo89HB
Queen,93,22898929,1dfeR4HaWDbWqFHLkxsg1d
YG,86,2020926,0A0FS04o6zMoto8OKPsDwY
Billie Eilish,98,18867904,6qqNVTkY8uBg9cP3Jd7DAH
Taylor Swift,95,25846444,06HL4z0CvFAxyc27GXpf02
Bazzi,86,2722028,4GvEc3ANtPPjt1ZJllr5Zl
Travis Scott,98,7626718,0Y5tJX1MQlPlqiwlOH1tJY
The Chainsmokers,91,15139114,69GGBxA162lTqCwzJG5jLp
John Legend,85,4804945,5y2Xq6xcjJb2jVM54GHK3t
Billie Eilish,98,18867904,6qqNVTkY8uBg9cP3Jd7DAH
Imagine Dragons,92,24617484,53XhwfbYqKCa1cC15pYq2q
Dalex,93,875341,0KPX4Ucy9dk82uj4GpKesn
Martin Garrix,88,12498138,60d24wfXkVzDSfLS6hyCjZ
Bazzi,86,2722028,4GvEc3ANtPPjt1ZJllr5Zl
benny blanco,83,458671,5CiGnKThu5ctn9pBxv7DGa
Lukas Graham,79,1599559,25u4wHJWxCA9vO0CzxAbK7
Myke Towers,91,888971,7iK8PXO48WeuP03g8YR51W
Taylor Swift,95,25846444,06HL4z0CvFAxyc27GXpf02
Lil Uzi Vert,92,7585654,4O15NlyKLIASxsJ0PrXPfz
Trevor Daniel,87,134258,7uaIm6Pw7xplS8Dy06V6pT
Billie Eilish,98,18867904,6qqNVTkY8uBg9cP3Jd7DAH
David Guetta,90,20802505,1Cs0zKBU1kc0i8ypK3B9ai
Dua Lipa,93,14982761,6M2wZ9GZgrQXHCFfjv46we
DaBaby,95,1799463,4r63FhuTkUYltbVAg5TQnk
Dalex,93,875341,0KPX4Ucy9dk82uj4GpKesn
Khalid,96,10092177,6LuN9FCkKOj5PcnpouEgny
SHAED,81,84410,3KwmxIhSe9UTSEF37kwngR
Kina,81,256939,4qIVPF0s71ZYW3qzhu5GkF
XXXTENTACION,95,17294420,15UsOTVnJzReFVN1VCnxy4
Lewis Capaldi,92,2143489,4GNC7GD6oZMSxPGyXy4MNB
Dean Lewis,83,926350,3QSQFmccmX81fWCUSPTS7y
Anuel AA,96,9911627,2R21vXR83lH98kGeO99Y66
Flipp Dinero,76,491934,2HUwZ0kumzCSlhFcjFZfpp
Sean Paul,85,2856914,3Isy6kedDrgPYoTS1dazA9
Post Malone,100,21335421,246dkjvS1zLTtiykXe5h60
Ariana Grande,97,40958727,66CXWjxzNUsdJxJ2JdwvnR
Post Malone,100,21335421,246dkjvS1zLTtiykXe5h60
Wham!,82,1063999,5lpH0xAS4fVfLkACg9DAuM
Reik,87,3457296,0vR2qb8m9WHeZ5ByCbimq2
Normani,83,687630,2cWZOOzeOm4WmBJRnD5R7I
Lil Tecca,88,1508291,4Ga1P7PMIsmqEZqhYZQgDo
Post Malone,100,21335421,246dkjvS1zLTtiykXe5h60
Kygo,89,5922832,23fqKkggKUBHNkbKtXEls4
YNW Melly,90,2433412,1cNDP5yjU5vjeR8qMf4grg
Harry Styles,95,5911371,6KImCVD70vtIoJWnq6nGn3
TOTO,78,1316258,0PFtn5NtBbbUNbU9EAmIWF
Sam Feldt,82,457804,20gsENnposVs2I4rQ5kvrf
YNW Melly,90,2433412,1cNDP5yjU5vjeR8qMf4grg
XXXTENTACION,95,17294420,15UsOTVnJzReFVN1VCnxy4
Bazzi,86,2722028,4GvEc3ANtPPjt1ZJllr5Zl
J Balvin,99,17106207,1vyhD5VmyZ7KMfW5gqLgo5
Martin Garrix,88,12498138,60d24wfXkVzDSfLS6hyCjZ
Sech,95,2397904,77ziqFxp5gaInVrF2lj4ht
Marshmello,90,20341696,64KEffDW9EtZ1y2vBYgq8T
5 Seconds of Summer,87,5627772,5Rl15oVamLq7FbSb0NNBNy
Jeremy Zucker,83,603958,3gIRvgZssIb9aiirIg0nI3
5 Seconds of Summer,87,5627772,5Rl15oVamLq7FbSb0NNBNy
R3HAB,85,1938755,6cEuCEZu7PAE9ZSzLLc2oQ
Manuel Turizo,88,4961323,0tmwSHipWxN12fsoLcFU3B
The Weeknd,96,18323290,1Xyo4u8uXC1ZmMpatF05PJ
Wisin & Yandel,85,3244983,1wZtkThiXbVNtj6hee6dz9
MEDUZA,85,152909,0xRXCcSX89eobfrshSVdyu
Sebastian Yatra,89,10046817,07YUOmWljBTXwIseAUd9TW
Selena Gomez,93,18882676,0C8ZW7ezQVs4URX5aX7Kqx
Billie Eilish,98,18867904,6qqNVTkY8uBg9cP3Jd7DAH
The Chainsmokers,91,15139114,69GGBxA162lTqCwzJG5jLp
Tiësto,85,4824537,2o5jDhtHVPhrJdv3cEQ99Z
Drake,99,43763483,3TVXtAsR1Inumwj472S9r4
Ed Sheeran,98,57463755,6eUKZXaKkcviH0Ku9w2n3V
Daddy Yankee,95,15857952,4VMYDCV2IEDYJArk749S6m
Aaron Smith,74,181543,77qukKzmdI5BeMBR7WGUrN
Ed Sheeran,98,57463755,6eUKZXaKkcviH0Ku9w2n3V
Lizzo,88,1838446,56oDRnqbIiwx4mymNEv7dS
Jason Mraz,81,4989594,4phGZZrJZRo4ElhRtViYdl
Blanco Brown,71,74640,3yzRiNMZdTsSUgplcyYZ4i
Bad Bunny,98,17863391,4q3ewBCX7sLwd24euuV69X
Cardi B,92,10412486,4kYSro6naA4h99UJvo89HB
Lil Nas X,87,2218983,7jVv8c5Fj3E9VhNjxT4snq
Ozuna,98,21123358,1i8SpTcr7yvPOmcqrbnVXY
Young Thug,94,4744074,50co4Is1HCEo8bhOyUWKpn
DJ Snake,88,6393532,540vIaP2JwjQb9dm3aArA4
Avicii,89,16559762,1vCWHaC5f2uS3yhpwWbIA6
NLE Choppa,86,764672,0ErzCpIMyLcjPiwT4elrtZ
Mau y Ricky,83,1531985,2wkoKEfS6dXwThbyTnZWFU
Myke Towers,91,888971,7iK8PXO48WeuP03g8YR51W
Billie Eilish,98,18867904,6qqNVTkY8uBg9cP3Jd7DAH
José Feliciano,77,162885,7K78lVZ8XzkjfRSI7570FF
Major Lazer,86,5890848,738wLrAtLtCtFOLvQBXOXp
Ed Sheeran,98,57463755,6eUKZXaKkcviH0Ku9w2n3V
Bebe Rexha,87,4604422,64M6ah0SkkRsnPGtGiRAbb
The Chainsmokers,91,15139114,69GGBxA162lTqCwzJG5jLp
The Chainsmokers,91,15139114,69GGBxA162lTqCwzJG5jLp
The Weeknd,96,18323290,1Xyo4u8uXC1ZmMpatF05PJ
George Ezra,81,2876840,2ysnwxxNtSgbb9t1m2Ur4j
Anuel AA,96,9911627,2R21vXR83lH98kGeO99Y66
Rich Music LTD,84,28778,2kqUKsTuEj1lPbm6BSn1AU
Bad Bunny,98,17863391,4q3ewBCX7sLwd24euuV69X
Post Malone,100,21335421,246dkjvS1zLTtiykXe5h60
Taylor Swift,95,25846444,06HL4z0CvFAxyc27GXpf02
Miley Cyrus,87,10744522,5YGY8feqx7naU7z4HrwZM6
Sebastian Yatra,89,10046817,07YUOmWljBTXwIseAUd9TW
Juice WRLD,98,7403812,4MCBfE4596Uoi2O4DtmEMz
Clean Bandit,82,3581961,6MDME20pz9RveH9rEXvrOM
Justin Quiles,92,1443108,14zUHaJZo1mnYtn6IBRaRP
Lizzo,88,1838446,56oDRnqbIiwx4mymNEv7dS
Post Malone,100,21335421,246dkjvS1zLTtiykXe5h60
Ariana Grande,97,40958727,66CXWjxzNUsdJxJ2JdwvnR
Lil Uzi Vert,92,7585654,4O15NlyKLIASxsJ0PrXPfz
DaBaby,95,1799463,4r63FhuTkUYltbVAg5TQnk
Kanye West,94,10995470,5K4W6rqBFWDnAN6FQUkS6x
KAROL G,92,7947851,790FomKkXshlbRYZFtlgla
DJ Snake,88,6393532,540vIaP2JwjQb9dm3aArA4
Dua Lipa,93,14982761,6M2wZ9GZgrQXHCFfjv46we
Quality Control,80,500061,6i392l38cR3uBPF0DbNs7S
Rita Ora,84,5321422,5CCwRZC6euC8Odo6y9X8jr
Logic,87,4329265,4xRYI6VqpkE3UwrDrAZL8L
Ed Sheeran,98,57463755,6eUKZXaKkcviH0Ku9w2n3V
Ozuna,98,21123358,1i8SpTcr7yvPOmcqrbnVXY
Zara Larsson,84,6527316,1Xylc3o4UrD53lo9CvFvVg
ZAYN,87,10364573,5ZsFI1h6hIdQRw2ti0hz81
Ariana Grande,97,40958727,66CXWjxzNUsdJxJ2JdwvnR
Ariana Grande,97,40958727,66CXWjxzNUsdJxJ2JdwvnR
Miley Cyrus,87,10744522,5YGY8feqx7naU7z4HrwZM6
Bad Bunny,98,17863391,4q3ewBCX7sLwd24euuV69X
Taylor Swift,95,25846444,06HL4z0CvFAxyc27GXpf02
A Boogie Wit da Hoodie,91,3899600,31W5EY0aAly4Qieq6OFu6I
H.E.R.,83,2064213,3Y7RZ31TRPVadSFVy1o8os
Nicky Jam,94,10569805,1SupJlEpv7RS2tPNRaHViT
Nio Garcia,78,957461,5hdhHgpxyniooUiQVaPxQ0
Niall Horan,84,4574278,1Hsdzj7Dlq2I7tHP7501T4
Ellie Goulding,87,7390843,0X2BH1fck6amBIoJhDVmmJ
Paulo Londra,86,9006523,3vQ0GE3mI0dAaxIMYe5g7z
Stormzy,88,1308575,2SrSdSvpminqmStGELCSNd
Lil Nas X,87,2218983,7jVv8c5Fj3E9VhNjxT4snq
Mustard,86,540694,0YinUQ50QDB7ZxSCLyQ40k
Robin Schulz,83,2303249,3t5xRXzsuZmMDkQzgOX35S
Paulo Londra,86,9006523,3vQ0GE3mI0dAaxIMYe5g7z
Lunay,88,1349511,47MpMsUfWtgyIIBEFOr4FE
Ariana Grande,97,40958727,66CXWjxzNUsdJxJ2JdwvnR
Daddy Yankee,95,15857952,4VMYDCV2IEDYJArk749S6m
Jonas Blue,85,2540528,1HBjj22wzbscIZ9sEb5dyf
Jonas Blue,85,2540528,1HBjj22wzbscIZ9sEb5dyf
Michael Bublé,92,3547268,1GxkXlMwML1oSg5eLPiAz3
Calboy,74,330925,0HkcYmcjrBR3SCw9Ld5VZk
Mustard,86,540694,0YinUQ50QDB7ZxSCLyQ40k
Ariana Grande,97,40958727,66CXWjxzNUsdJxJ2JdwvnR
Young Thug,94,4744074,50co4Is1HCEo8bhOyUWKpn
Lewis Capaldi,92,2143489,4GNC7GD6oZMSxPGyXy4MNB
Gesaffelstein,71,302998,3hteYQFiMFbJY7wS0xDymP
Ski Mask The Slump God,84,2933177,2rhFzFmezpnW82MNqEKVry
Dimelo Flow,86,60095,3fZk3Gm5dN5v5yfYMQ04Bx
Brenda Lee,78,148590,4cPHsZM98sKzmV26wlwD2W
Lunay,88,1349511,47MpMsUfWtgyIIBEFOr4FE
Bobby Helms,77,12457,38EmEgXkgK51MT2tPY0EoC
Ariana Grande,97,40958727,66CXWjxzNUsdJxJ2JdwvnR
Khalid,96,10092177,6LuN9FCkKOj5PcnpouEgny
Ali Gatie,82,464535,4rTv3Ejc7hKMtmoBOK1B4T
Rich The Kid,84,1933809,1pPmIToKXyGdsCF6LmqLmI
Manuel Turizo,88,4961323,0tmwSHipWxN12fsoLcFU3B
Queen,93,22898929,1dfeR4HaWDbWqFHLkxsg1d
Dayvi,73,26805,2TWBei99x2tV70bdYbWdAf
NLE Choppa,86,764672,0ErzCpIMyLcjPiwT4elrtZ
Shawn Mendes,94,23152263,7n2wHs1TKAczGzO7Dd2rGr
Kygo,89,5922832,23fqKkggKUBHNkbKtXEls4
Duki,84,2687391,1bAftSH8umNcGZ0uyV7LMg
Nicky Jam,94,10569805,1SupJlEpv7RS2tPNRaHViT
The Chainsmokers,91,15139114,69GGBxA162lTqCwzJG5jLp
P!nk,86,7714421,1KCSPY1glIKqW2TotWuXOR
Tyga,92,5328383,5LHRHt1k9lMyONurDHEdrp
Metro Boomin,84,1647724,0iEtIxbK0KxaSlF7G42ZOp
Ed Sheeran,98,57463755,6eUKZXaKkcviH0Ku9w2n3V
Sebastian Yatra,89,10046817,07YUOmWljBTXwIseAUd9TW
Mabel,82,554723,1MIVXf74SZHmTIp4V4paH4
Justin Bieber,96,32365717,1uNFoZAHBGtllmzznpCI3s
Bebe Rexha,87,4604422,64M6ah0SkkRsnPGtGiRAbb
Zedd,86,4997291,2qxJFvFYMEDqd7ui6kSAcq
Maluma,92,18201306,1r4hJ1h58CWwUQe3MxPuau
French Montana,87,3261832,6vXTefBL93Dj5IqAWq6OTv
Megan Thee Stallion,81,653649,181bsRPaVXVlUKXrxwZfHK
Lil Dicky,75,1463726,1tqhsYv8yBBdwANFNzHtcr
Apache 207,86,459884,1qQLhymHXFPtP5U8KNKsm6
XXXTENTACION,95,17294420,15UsOTVnJzReFVN1VCnxy4
The Chainsmokers,91,15139114,69GGBxA162lTqCwzJG5jLp
6ix9ine,84,4393100,7gZfnEnfiaHzxARJ2LeXrf
Tom Walker,79,594391,7z2avKuuiMAT4XZJFv8Rvh
Lauv,91,2139634,5JZ7CnR6gTvEMKX4g70Amv
Lunay,88,1349511,47MpMsUfWtgyIIBEFOr4FE
Lil Skies,85,3588556,7d3WFRME3vBY2cgoP38RDo
Dean Lewis,83,926350,3QSQFmccmX81fWCUSPTS7y
Manuel Turizo,88,4961323,0tmwSHipWxN12fsoLcFU3B
6ix9ine,84,4393100,7gZfnEnfiaHzxARJ2LeXrf
Young Thug,94,4744074,50co4Is1HCEo8bhOyUWKpn
Lil Peep,88,3024183,2kCcBybjl3SAtIcwdWpUe3
Harry Styles,95,5911371,6KImCVD70vtIoJWnq6nGn3
6ix9ine,84,4393100,7gZfnEnfiaHzxARJ2LeXrf
Taylor Swift,95,25846444,06HL4z0CvFAxyc27GXpf02
Polo G,82,726169,6AgTAQt8XS6jRWi4sX7w49
Sam Feldt,82,457804,20gsENnposVs2I4rQ5kvrf
Silk City,71,52370,2X97ZAqRKRMYFIDqtvGgGc
Ant Saunders,78,27094,4jpsw9CQS439N0B7SecMgf
Lunay,88,1349511,47MpMsUfWtgyIIBEFOr4FE
Luis Fonsi,84,7880988,4V8Sr092TqfHkfAA5fXXqG
Ariana Grande,97,40958727,66CXWjxzNUsdJxJ2JdwvnR
Tyga,92,5328383,5LHRHt1k9lMyONurDHEdrp
Halsey,92,9063023,26VFTg2z8YR0cCuwLzESi2
Ariana Grande,97,40958727,66CXWjxzNUsdJxJ2JdwvnR
Harry Styles,95,5911371,6KImCVD70vtIoJWnq6nGn3
Offset,89,1389641,4DdkRBBYG6Yk9Ka8tdJ9BW
Dalex,93,875341,0KPX4Ucy9dk82uj4GpKesn
Billie Eilish,98,18867904,6qqNVTkY8uBg9cP3Jd7DAH
Mustard,86,540694,0YinUQ50QDB7ZxSCLyQ40k
Kehlani,85,3110388,0cGUm45nv7Z6M6qdXYQGTX
Ozuna,98,21123358,1i8SpTcr7yvPOmcqrbnVXY
BlocBoy JB,76,983271,4TEJudQY2pXxVHPE3gD2EU
Selena Gomez,93,18882676,0C8ZW7ezQVs4URX5aX7Kqx
Camila Cabello,96,14245838,4nDoRrQiYLoBzwC5BhVJzF
Queen,93,22898929,1dfeR4HaWDbWqFHLkxsg1d
Kanye West,94,10995470,5K4W6rqBFWDnAN6FQUkS6x
Drake,99,43763483,3TVXtAsR1Inumwj472S9r4
Post Malone,100,21335421,246dkjvS1zLTtiykXe5h60
Lil Mosey,85,1436733,5zctI4wO9XSKS8XwcnqEHk
Frank Sinatra,88,3528165,1Mxqyy3pSjf8kZZL4QVxS0
Mark Ronson,83,749288,3hv9jJF3adDNsBSIQDqcjp
John Lennon,80,3053261,4x1nvY2FN8jxqAFA0DA02H
Michael Bublé,92,3547268,1GxkXlMwML1oSg5eLPiAz3
XXXTENTACION,95,17294420,15UsOTVnJzReFVN1VCnxy4
James Arthur,87,5297706,4IWBUUAFIplrNtaOHcJPRM
Sebastian Yatra,89,10046817,07YUOmWljBTXwIseAUd9TW
Billie Eilish,98,18867904,6qqNVTkY8uBg9cP3Jd7DAH
Lauv,91,2139634,5JZ7CnR6gTvEMKX4g70Amv
Chris Brown,93,10352577,7bXgB6jMjp9ATFy66eO08Z
Lil Baby,93,3258508,5f7VJjfbwm532GiveGC0ZK
Apache 207,86,459884,1qQLhymHXFPtP5U8KNKsm6
P!nk,86,7714421,1KCSPY1glIKqW2TotWuXOR
Tropkillaz,70,177983,5bzWtCkjIAMgN93gLt56SO
Lil Mosey,85,1436733,5zctI4wO9XSKS8XwcnqEHk
Zedd,86,4997291,2qxJFvFYMEDqd7ui6kSAcq
Ashley O,60,55620,14scxEoUN7Dcx1m4EQ7oHe
Mau y Ricky,83,1531985,2wkoKEfS6dXwThbyTnZWFU
Post Malone,100,21335421,246dkjvS1zLTtiykXe5h60
Khalid,96,10092177,6LuN9FCkKOj5PcnpouEgny
Ariana Grande,97,40958727,66CXWjxzNUsdJxJ2JdwvnR
Brytiago,85,2082848,00XhexlJEXQstHimpZN910
Kehlani,85,3110388,0cGUm45nv7Z6M6qdXYQGTX
Harry Styles,95,5911371,6KImCVD70vtIoJWnq6nGn3
Logic,87,4329265,4xRYI6VqpkE3UwrDrAZL8L
Lizzo,88,1838446,56oDRnqbIiwx4mymNEv7dS
Ed Sheeran,98,57463755,6eUKZXaKkcviH0Ku9w2n3V
KAROL G,92,7947851,790FomKkXshlbRYZFtlgla
Travis Scott,98,7626718,0Y5tJX1MQlPlqiwlOH1tJY
Ariana Grande,97,40958727,66CXWjxzNUsdJxJ2JdwvnR
ChocQuibTown,71,371103,6tkyhGe9hGI3Lcfo4gVh6Z
Taylor Swift,95,25846444,06HL4z0CvFAxyc27GXpf02
Khalid,96,10092177,6LuN9FCkKOj5PcnpouEgny
Billie Eilish,98,18867904,6qqNVTkY8uBg9cP3Jd7DAH
Kelly Clarkson,84,6010734,3BmGtnKgCSGYIUhmivXKWX
Doja Cat,86,836522,5cj0lLjcoR7YOSnhnX0Po5
Sofia Reyes,77,1271228,0haZhu4fFKt0Ag94kZDiz2
Ariana Grande,97,40958727,66CXWjxzNUsdJxJ2JdwvnR
Diplo,90,2176273,5fMUXHkw8R8eOP2RNVYEZX
Chris Brown,93,10352577,7bXgB6jMjp9ATFy66eO08Z
Jorja Smith,80,1259084,1CoZyIx7UvdxT5c8UkMzHd
Becky G,87,7196194,4obzFoKoKRHIphyHzJ35G3
Guaynaa,79,201710,0BqURncJM5B1BBu7UM51eq
Mabel,82,554723,1MIVXf74SZHmTIp4V4paH4
Lizzo,88,1838446,56oDRnqbIiwx4mymNEv7dS
Ariana Grande,97,40958727,66CXWjxzNUsdJxJ2JdwvnR
Arizona Zervas,89,188185,0vRvGUQVUjytro0xpb26bs
Danny Ocean,80,2060672,5H1nN1SzW0qNeUEZvuXjAj
Ed Sheeran,98,57463755,6eUKZXaKkcviH0Ku9w2n3V
Hailee Steinfeld,82,5192876,5p7f24Rk5HkUZsaS3BLG5F
BTS,93,15652748,3Nrfpe0tUJi4K4DXYWgMUX
Juice WRLD,98,7403812,4MCBfE4596Uoi2O4DtmEMz
Khalid,96,10092177,6LuN9FCkKOj5PcnpouEgny
Mau y Ricky,83,1531985,2wkoKEfS6dXwThbyTnZWFU
24kGoldn,77,55258,6fWVd57NKTalqvmjRd2t8Z
Residente,72,551318,5GcWBUX00IPuWVGMIRK1sS
Chris Rea,75,363693,5KEG7G8LDYlHgFDqZyEEs2
Dua Lipa,93,14982761,6M2wZ9GZgrQXHCFfjv46we
Paul McCartney,81,2695564,4STHEaNw4mPZ2tzheohgXB
Offset,90,7271390,1URnnhqYAYcrqrcwql10ft
Don Toliver,85,180947,4Gso3d4CscCijv0lmajZWs
Khalid,96,10092177,6LuN9FCkKOj5PcnpouEgny
Lil Tjay,87,813885,6jGMq4yGs7aQzuGsMgVgZR
Major Lazer,86,5890848,738wLrAtLtCtFOLvQBXOXp
Taylor Swift,95,25846444,06HL4z0CvFAxyc27GXpf02
Roddy Ricch,93,1162631,757aE44tKEUQEqRuT6GnEB
Kendrick Lamar,91,13824880,2YZyLoL8N0Wb9xBt1NhZWg
Post Malone,100,21335421,246dkjvS1zLTtiykXe5h60
Joji,86,2077147,3MZsBdqDrRTJihTHQrO6Dq
Lil Uzi Vert,92,7585654,4O15NlyKLIASxsJ0PrXPfz
Chris Brown,93,10352577,7bXgB6jMjp9ATFy66eO08Z
Sean Paul,85,2856914,3Isy6kedDrgPYoTS1dazA9
French Montana,87,3261832,6vXTefBL93Dj5IqAWq6OTv
Post Malone,100,21335421,246dkjvS1zLTtiykXe5h60
Bebe Rexha,87,4604422,64M6ah0SkkRsnPGtGiRAbb
YUNGBLUD,81,666904,6Ad91Jof8Niiw0lGLLi3NW
Nat King Cole,82,1200836,7v4imS0moSyGdXyLgVTIV7
6ix9ine,84,4393100,7gZfnEnfiaHzxARJ2LeXrf
Sam Smith,92,11220622,2wY79sveU1sp5g7SokKOiI
Noah Cyrus,82,505215,55fhWPvDiMpLnE4ZzNXZyW
Dermot Kennedy,80,492594,5KNNVgR6LBIABRIomyCwKJ
Bing Crosby,85,279435,6ZjFtWeHP9XN7FeKSUe80S
21 Savage,90,7271390,1URnnhqYAYcrqrcwql10ft
Jonas Brothers,87,3492262,7gOdHgIoIKoe4i9Tta6qdD
Lil Mosey,85,1436733,5zctI4wO9XSKS8XwcnqEHk
Tory Lanez,87,2680869,2jku7tDXc6XoB6MO2hFuqg
JP Saxe,78,41485,66W9LaWS0DPdL7Sz8iYGYe
Taylor Swift,95,25846444,06HL4z0CvFAxyc27GXpf02
Luis Fonsi,84,7880988,4V8Sr092TqfHkfAA5fXXqG
Ed Sheeran,98,57463755,6eUKZXaKkcviH0Ku9w2n3V
Juice WRLD,98,7403812,4MCBfE4596Uoi2O4DtmEMz
Martin Garrix,88,12498138,60d24wfXkVzDSfLS6hyCjZ
Ariana Grande,97,40958727,66CXWjxzNUsdJxJ2JdwvnR
Billie Eilish,98,18867904,6qqNVTkY8uBg9cP3Jd7DAH
XXXTENTACION,95,17294420,15UsOTVnJzReFVN1VCnxy4
J Balvin,99,17106207,1vyhD5VmyZ7KMfW5gqLgo5
Offset,89,1389641,4DdkRBBYG6Yk9Ka8tdJ9BW
Noriel,82,2970916,3RtNN1VnooWEn3KQk03DUL
Joyner Lucas,81,1002593,6C1ohJrd5VydigQtaGy5Wa
benny blanco,83,458671,5CiGnKThu5ctn9pBxv7DGa
Burl Ives,75,36275,0MHgLfmQdutffmvWe5XBTN
Shakin' Stevens,73,73401,0wi4yTYlGtEnbGo4ltZTib
Lil Tecca,88,1508291,4Ga1P7PMIsmqEZqhYZQgDo
Post Malone,100,21335421,246dkjvS1zLTtiykXe5h60
Lil Nas X,87,2218983,7jVv8c5Fj3E9VhNjxT4snq
Sam Smith,92,11220622,2wY79sveU1sp5g7SokKOiI
Mahmood,75,445431,06nvjg4wBANK6DCHjqtPNd
NF,89,2865437,6fOMl44jA4Sp5b9PpYCkzz
Post Malone,100,21335421,246dkjvS1zLTtiykXe5h60
Jax Jones,81,662652,4Q6nIcaBED8qUel8bBx6Cr
Andy Williams,79,248264,4sj6D0zlMOl25nprDJBiU9
Joji,86,2077147,3MZsBdqDrRTJihTHQrO6Dq
Shawn Mendes,94,23152263,7n2wHs1TKAczGzO7Dd2rGr
Maren Morris,81,422801,6WY7D3jk8zTrHtmkqqo5GI
Dean Martin,82,806529,49e4v89VmlDcFCMyDv9wQ9
Machine Gun Kelly,84,1813344,6TIYQ3jFPwQSRmorSezPxX
Camila Cabello,96,14245838,4nDoRrQiYLoBzwC5BhVJzF
Dalex,93,875341,0KPX4Ucy9dk82uj4GpKesn
Harry Styles,95,5911371,6KImCVD70vtIoJWnq6nGn3
Travis Scott,98,7626718,0Y5tJX1MQlPlqiwlOH1tJY
Ariana Grande,97,40958727,66CXWjxzNUsdJxJ2JdwvnR
A$AP Rocky,88,6374178,13ubrt8QOOCPljQ2FL1Kca
Juice WRLD,98,7403812,4MCBfE4596Uoi2O4DtmEMz
Lil Tecca,88,1508291,4Ga1P7PMIsmqEZqhYZQgDo
Post Malone,100,21335421,246dkjvS1zLTtiykXe5h60
Reik,87,3457296,0vR2qb8m9WHeZ5ByCbimq2
Andy Williams,79,248264,4sj6D0zlMOl25nprDJBiU9
Duncan Laurence,65,61753,3klZnJvYGIbWritVwQD434
Lil Tecca,88,1508291,4Ga1P7PMIsmqEZqhYZQgDo
Lil Tjay,87,813885,6jGMq4yGs7aQzuGsMgVgZR
Post Malone,100,21335421,246dkjvS1zLTtiykXe5h60
Post Malone,100,21335421,246dkjvS1zLTtiykXe5h60
Lil Tecca,88,1508291,4Ga1P7PMIsmqEZqhYZQgDo
Harry Styles,95,5911371,6KImCVD70vtIoJWnq6nGn3
Dalex,93,875341,0KPX4Ucy9dk82uj4GpKesn
Taylor Swift,95,25846444,06HL4z0CvFAxyc27GXpf02
Juice WRLD,98,7403812,4MCBfE4596Uoi2O4DtmEMz
Tiësto,85,4824537,2o5jDhtHVPhrJdv3cEQ99Z
Camila Cabello,96,14245838,4nDoRrQiYLoBzwC5BhVJzF
Kygo,89,5922832,23fqKkggKUBHNkbKtXEls4
DJ Khaled,82,4390256,0QHgL1lAIqAw0HtD7YldmP
Why Don't We,84,1829392,2jnIB6XdLvnJUeNTy5A0J2
The Chainsmokers,91,15139114,69GGBxA162lTqCwzJG5jLp
Amenazzy,73,679891,6kq4GHwUcUojGIu0ziSNXf
Martin Garrix,88,12498138,60d24wfXkVzDSfLS6hyCjZ
Apache 207,86,459884,1qQLhymHXFPtP5U8KNKsm6
Ed Sheeran,98,57463755,6eUKZXaKkcviH0Ku9w2n3V
NOTD,76,97239,5jAMCwdNHWr7JThxtMuEyy
Capital Bra,86,2984316,4WZGDpNwrC0vNQyl9QzF7d
Lil Tecca,88,1508291,4Ga1P7PMIsmqEZqhYZQgDo
Camila Cabello,96,14245838,4nDoRrQiYLoBzwC5BhVJzF
Perry Como,76,212760,5v8jlSmAQfrkTjAlpUfWtu
The Pogues,73,285371,2wzMOQwNT6ZvVB4amvhFAH
Future,91,8253537,1RyvyyTE3xzB2ZywiAwp0i
Khalid,96,10092177,6LuN9FCkKOj5PcnpouEgny
Daryl Hall & John Oates,79,1049877,77tT1kLj6mCWtFNqiOmP9H
Capital Bra,86,2984316,4WZGDpNwrC0vNQyl9QzF7d
YoungBoy Never Broke Again,91,3849088,7wlFDEWiM5OoIAt8RSli8b
Harry Styles,95,5911371,6KImCVD70vtIoJWnq6nGn3
Post Malone,100,21335421,246dkjvS1zLTtiykXe5h60
Michael Bublé,92,3547268,1GxkXlMwML1oSg5eLPiAz3
Sia,90,15317280,5WUlDfRSoLAfcVSX1WnrxN
Katy Perry,89,14486730,6jJ0s89eD6GaHleKKya26X
Little Mix,84,6853096,3e7awlrlDSwF3iM0WBjGMp
Lil Pump,83,6375460,3wyVrVrFCkukjdVIdirGVY
Diplo,90,2176273,5fMUXHkw8R8eOP2RNVYEZX
The Police,80,3237510,5NGO30tJxFlKixkPSgXcFE
Juice WRLD,98,7403812,4MCBfE4596Uoi2O4DtmEMz
Selena Gomez,93,18882676,0C8ZW7ezQVs4URX5aX7Kqx
Katy Perry,89,14486730,6jJ0s89eD6GaHleKKya26X
Logic,87,4329265,4xRYI6VqpkE3UwrDrAZL8L
Stormzy,88,1308575,2SrSdSvpminqmStGELCSNd
Chance the Rapper,87,4587455,1anyVhU62p31KFi8MEzkbf
Journey,78,2658473,0rvjqX7ttXeg3mTy8Xscbt
Capital Bra,86,2984316,4WZGDpNwrC0vNQyl9QzF7d
Panic! At The Disco,88,8777959,20JZFwl6HVl6yg8a4H3ZqK
SHAED,81,84410,3KwmxIhSe9UTSEF37kwngR
Gaullin,71,55761,1aQwKFn00nswXRDUDipm0K
Drake,99,43763483,3TVXtAsR1Inumwj472S9r4
Elvis Presley,85,3765036,43ZHCT0cAZBISjO8DG9PnE
Post Malone,100,21335421,246dkjvS1zLTtiykXe5h60
Coldplay,92,24034836,4gzpq5DPGxSnKTe4SA8HAU
MEDUZA,85,152909,0xRXCcSX89eobfrshSVdyu
Kygo,89,5922832,23fqKkggKUBHNkbKtXEls4
Post Malone,100,21335421,246dkjvS1zLTtiykXe5h60
WOS,78,717223,5YCc6xS5Gpj3EkaYGdjyNK
Bazzi,86,2722028,4GvEc3ANtPPjt1ZJllr5Zl
Piso 21,84,4845869,4bw2Am3p9ji3mYsXNXtQcd
Taylor Swift,95,25846444,06HL4z0CvFAxyc27GXpf02
Ski Mask The Slump God,84,2933177,2rhFzFmezpnW82MNqEKVry
Future,91,8253537,1RyvyyTE3xzB2ZywiAwp0i
Riton,76,45655,7i9j813KFoSBMldGqlh2Z1
Mark Ronson,83,749288,3hv9jJF3adDNsBSIQDqcjp
Lauv,91,2139634,5JZ7CnR6gTvEMKX4g70Amv
Post Malone,100,21335421,246dkjvS1zLTtiykXe5h60
Eminem,94,31955191,7dGJo4pcD2V6oG8kP0tJRR
Stormzy,88,1308575,2SrSdSvpminqmStGELCSNd
Mariah Carey,89,5197826,4iHNK0tOyZPYnBU7nGAgpQ
Future,91,8253537,1RyvyyTE3xzB2ZywiAwp0i
Why Don't We,84,1829392,2jnIB6XdLvnJUeNTy5A0J2
Avicii,89,16559762,1vCWHaC5f2uS3yhpwWbIA6
Samra,84,504708,6h1s4i4XKIYv4ErDelLDN0
JENNIE,66,287297,250b0Wlc5Vk0CoUsaCY84M
Post Malone,100,21335421,246dkjvS1zLTtiykXe5h60
Marshmello,90,20341696,64KEffDW9EtZ1y2vBYgq8T
Kanye West,94,10995470,5K4W6rqBFWDnAN6FQUkS6x
The Chainsmokers,91,15139114,69GGBxA162lTqCwzJG5jLp
"Tyler, The Creator",87,3689916,4V8LLVI7PbaPR0K2TGSxFF
Kanye West,94,10995470,5K4W6rqBFWDnAN6FQUkS6x
Lil Tecca,88,1508291,4Ga1P7PMIsmqEZqhYZQgDo
Guaynaa,79,201710,0BqURncJM5B1BBu7UM51eq
Swae Lee,89,555611,1zNqQNIdeOUZHb8zbZRFMX
Nipsey Hussle,79,1253075,0EeQBlQJFiAfJeVN2vT9s0
FLETCHER,72,173414,5qa31A9HySw3T7MKWI9bGg
5 Seconds of Summer,87,5627772,5Rl15oVamLq7FbSb0NNBNy
Ozuna,98,21123358,1i8SpTcr7yvPOmcqrbnVXY
Gradur,78,966636,2tcoLkA9Hexz70Kuc1NTUl
YNW Melly,90,2433412,1cNDP5yjU5vjeR8qMf4grg
Dadá Boladão,75,68660,36SRwzRkX5zW3ABjJrevqX
PARTYNEXTDOOR,82,2110996,2HPaUgqeutzr3jx5a9WyDV
Khalid,96,10092177,6LuN9FCkKOj5PcnpouEgny
Ed Sheeran,98,57463755,6eUKZXaKkcviH0Ku9w2n3V
Why Don't We,84,1829392,2jnIB6XdLvnJUeNTy5A0J2
Quality Control,80,500061,6i392l38cR3uBPF0DbNs7S
Lil Tecca,88,1508291,4Ga1P7PMIsmqEZqhYZQgDo
Post Malone,100,21335421,246dkjvS1zLTtiykXe5h60
Kanye West,94,10995470,5K4W6rqBFWDnAN6FQUkS6x
TWICE,83,4498433,7n2Ycct7Beij7Dj7meI4X0
Marshmello,90,20341696,64KEffDW9EtZ1y2vBYgq8T
The Killers,82,5086937,0C0XlULifJtAgn6ZNCW2eu
Felipe Araújo,77,2674269,47uyFQHOD02S0lj9ptRpoB
Kevin Roldan,76,2831405,1RBzGO6Nm3uyhUSxP7EDWO
David Guetta,90,20802505,1Cs0zKBU1kc0i8ypK3B9ai
The Chainsmokers,91,15139114,69GGBxA162lTqCwzJG5jLp
Post Malone,100,21335421,246dkjvS1zLTtiykXe5h60
Bazzi,86,2722028,4GvEc3ANtPPjt1ZJllr5Zl
Tame Impala,84,3187891,5INjqkS1o8h1imAzPqGZBb
Lil Uzi Vert,92,7585654,4O15NlyKLIASxsJ0PrXPfz
Lil Tecca,88,1508291,4Ga1P7PMIsmqEZqhYZQgDo
Calboy,74,330925,0HkcYmcjrBR3SCw9Ld5VZk
Bazzi,86,2722028,4GvEc3ANtPPjt1ZJllr5Zl
Rich Music LTD,84,28778,2kqUKsTuEj1lPbm6BSn1AU
Paulo Londra,86,9006523,3vQ0GE3mI0dAaxIMYe5g7z
Taylor Swift,95,25846444,06HL4z0CvFAxyc27GXpf02
Elton John,87,4361424,3PhoLpVuITZKcymswpck5b
XXXTENTACION,95,17294420,15UsOTVnJzReFVN1VCnxy4
24kGoldn,77,55258,6fWVd57NKTalqvmjRd2t8Z
Post Malone,100,21335421,246dkjvS1zLTtiykXe5h60
Taylor Swift,95,25846444,06HL4z0CvFAxyc27GXpf02
Kanye West,94,10995470,5K4W6rqBFWDnAN6FQUkS6x
Post Malone,100,21335421,246dkjvS1zLTtiykXe5h60
Summer Walker,85,821531,57LYzLEk2LcFghVwuWbcuS
SZA,84,3024407,7tYKF4w9nC0nq9CsPZTHyP
Bazzi,86,2722028,4GvEc3ANtPPjt1ZJllr5Zl
Offset,89,1389641,4DdkRBBYG6Yk9Ka8tdJ9BW
Taylor Swift,95,25846444,06HL4z0CvFAxyc27GXpf02
Taylor Swift,95,25846444,06HL4z0CvFAxyc27GXpf02
Capital Bra,86,2984316,4WZGDpNwrC0vNQyl9QzF7d
The Jackson 5,79,882142,2iE18Oxc8YSumAU232n4rW
Coldplay,92,24034836,4gzpq5DPGxSnKTe4SA8HAU
Jonas Brothers,87,3492262,7gOdHgIoIKoe4i9Tta6qdD
Taylor Swift,95,25846444,06HL4z0CvFAxyc27GXpf02
BTS,93,15652748,3Nrfpe0tUJi4K4DXYWgMUX
A$AP Rocky,88,6374178,13ubrt8QOOCPljQ2FL1Kca
BTS,93,15652748,3Nrfpe0tUJi4K4DXYWgMUX
Apache 207,86,459884,1qQLhymHXFPtP5U8KNKsm6
Zara Larsson,84,6527316,1Xylc3o4UrD53lo9CvFvVg
BTS,93,15652748,3Nrfpe0tUJi4K4DXYWgMUX
PNL,80,2607096,3NH8t45zOTqzlZgBvZRjvB
Kanye West,94,10995470,5K4W6rqBFWDnAN6FQUkS6x
James Arthur,87,5297706,4IWBUUAFIplrNtaOHcJPRM
Harry Styles,95,5911371,6KImCVD70vtIoJWnq6nGn3
Anitta,89,8588071,7FNnA9vBm6EKceENgCGRMb
Avicii,89,16559762,1vCWHaC5f2uS3yhpwWbIA6
Jax Jones,81,662652,4Q6nIcaBED8qUel8bBx6Cr
Taylor Swift,95,25846444,06HL4z0CvFAxyc27GXpf02
Queen,93,22898929,1dfeR4HaWDbWqFHLkxsg1d
21 Savage,90,7271390,1URnnhqYAYcrqrcwql10ft
Galantis,80,2850550,4sTQVOfp9vEMCemLw50sbu
Kendrick Lamar,91,13824880,2YZyLoL8N0Wb9xBt1NhZWg
Becky G,87,7196194,4obzFoKoKRHIphyHzJ35G3
Juice WRLD,98,7403812,4MCBfE4596Uoi2O4DtmEMz
Lewis Capaldi,92,2143489,4GNC7GD6oZMSxPGyXy4MNB
SAINt JHN,81,220136,0H39MdGGX6dbnnQPt6NQkZ
Cardi B,92,10412486,4kYSro6naA4h99UJvo89HB
Marília Mendonça,90,12972222,1yR65psqiazQpeM79CcGh8
Juice WRLD,98,7403812,4MCBfE4596Uoi2O4DtmEMz
Henrique & Juliano,84,9577443,3p7PcrEHaaKLJnPUGOtRlT
Chuck Berry,75,1032792,293zczrfYafIItmnmM3coR
Luis Fonsi,84,7880988,4V8Sr092TqfHkfAA5fXXqG
KAROL G,92,7947851,790FomKkXshlbRYZFtlgla
Maroon 5,94,21668307,04gDigrS5kc9YWfZHwBETP
Kodak Black,87,5428094,46SHBwWsqBkxI7EeeBEQG7
Rudimental,78,1132015,4WN5naL3ofxrVBgFpguzKo
Dimelo Flow,86,60095,3fZk3Gm5dN5v5yfYMQ04Bx
Taylor Swift,95,25846444,06HL4z0CvFAxyc27GXpf02
BTS,93,15652748,3Nrfpe0tUJi4K4DXYWgMUX
YNW Melly,90,2433412,1cNDP5yjU5vjeR8qMf4grg
MERO,76,1151567,5wyWp867LWGjFmYZXVSFnZ
The Chainsmokers,91,15139114,69GGBxA162lTqCwzJG5jLp
MC Kevin o Chris,84,1139072,2UMj7NCbuqy1yUZmiSYGjJ
Nicki Minaj,94,16813531,0hCNtLu0JehylgoiP8L4Gh
Capital Bra,86,2984316,4WZGDpNwrC0vNQyl9QzF7d
Billie Eilish,98,18867904,6qqNVTkY8uBg9cP3Jd7DAH
NAV,83,1763142,7rkW85dBwwrJtlHRDkJDAC
Ariana Grande,97,40958727,66CXWjxzNUsdJxJ2JdwvnR
Gambi,75,200205,1lB3I3SI30v2ZOpR4XQqzJ
Post Malone,100,21335421,246dkjvS1zLTtiykXe5h60
MERO,76,1151567,5wyWp867LWGjFmYZXVSFnZ
Lil Nas X,87,2218983,7jVv8c5Fj3E9VhNjxT4snq
Lana Del Rey,89,9718093,00FQb4jTyendYWaN8pK0wa
BTS,93,15652748,3Nrfpe0tUJi4K4DXYWgMUX
Paulo Londra,86,9006523,3vQ0GE3mI0dAaxIMYe5g7z
Marshmello,90,20341696,64KEffDW9EtZ1y2vBYgq8T
BLACKPINK,83,10276873,41MozSoPIsD1dJM0CLPjZF
Rich The Kid,84,1933809,1pPmIToKXyGdsCF6LmqLmI
Post Malone,100,21335421,246dkjvS1zLTtiykXe5h60
benny blanco,83,458671,5CiGnKThu5ctn9pBxv7DGa
Sebastian Yatra,89,10046817,07YUOmWljBTXwIseAUd9TW
YG,86,2020926,0A0FS04o6zMoto8OKPsDwY
Trippie Redd,92,3998147,6Xgp2XMz1fhVYe7i6yNAax
Mahmood,75,445431,06nvjg4wBANK6DCHjqtPNd
"Tyler, The Creator",87,3689916,4V8LLVI7PbaPR0K2TGSxFF
MERO,76,1151567,5wyWp867LWGjFmYZXVSFnZ
Internet Money,72,15132,6MPCFvOQv5cIGfw3jODMF0
Bizarrap,82,563077,716NhGYqD1jl2wI1Qkgq36
Ozuna,98,21123358,1i8SpTcr7yvPOmcqrbnVXY
Post Malone,100,21335421,246dkjvS1zLTtiykXe5h60
C. Tangana,78,806818,5TYxZTjIPqKM8K8NuP9woO
Post Malone,100,21335421,246dkjvS1zLTtiykXe5h60
Daddy Yankee,95,15857952,4VMYDCV2IEDYJArk749S6m
Sido,81,971137,4Yttlv9ndGjCDCVLqM7ACq
tha Supreme,86,510487,19i93sA0D7yS9dYoVNBqAA
Camila Cabello,96,14245838,4nDoRrQiYLoBzwC5BhVJzF
Logic,87,4329265,4xRYI6VqpkE3UwrDrAZL8L
Bruce Springsteen,82,2802030,3eqjTLE0HfPfh78zjh6TqT
DaBaby,95,1799463,4r63FhuTkUYltbVAg5TQnk
Lil Nas X,87,2218983,7jVv8c5Fj3E9VhNjxT4snq
Alessia Cara,85,6587644,2wUjUUtkb5lvLKcGKsKqsR
PNL,80,2607096,3NH8t45zOTqzlZgBvZRjvB
Harry Styles,95,5911371,6KImCVD70vtIoJWnq6nGn3
Sia,90,15317280,5WUlDfRSoLAfcVSX1WnrxN
Lauv,91,2139634,5JZ7CnR6gTvEMKX4g70Amv
Kanye West,94,10995470,5K4W6rqBFWDnAN6FQUkS6x
Meghan Trainor,84,8448899,6JL8zeS1NmiOftqZTRgdTz
The Chainsmokers,91,15139114,69GGBxA162lTqCwzJG5jLp
Gabriel Diniz,65,961614,3WQ1s2QFvL6crxBvrVhwzj
Capital Bra,86,2984316,4WZGDpNwrC0vNQyl9QzF7d
DJ Khaled,82,4390256,0QHgL1lAIqAw0HtD7YldmP
Queen,93,22898929,1dfeR4HaWDbWqFHLkxsg1d
Taylor Swift,95,25846444,06HL4z0CvFAxyc27GXpf02
Khalid,96,10092177,6LuN9FCkKOj5PcnpouEgny
Lil Nas X,87,2218983,7jVv8c5Fj3E9VhNjxT4snq
Marília Mendonça,90,12972222,1yR65psqiazQpeM79CcGh8
Trippie Redd,92,3998147,6Xgp2XMz1fhVYe7i6yNAax
Sia,90,15317280,5WUlDfRSoLAfcVSX1WnrxN
Lil Tecca,88,1508291,4Ga1P7PMIsmqEZqhYZQgDo
Kanye West,94,10995470,5K4W6rqBFWDnAN6FQUkS6x
Taylor Swift,95,25846444,06HL4z0CvFAxyc27GXpf02
Kanye West,94,10995470,5K4W6rqBFWDnAN6FQUkS6x
Travis Scott,84,81773,7A8S43ryYdbWpJKeHRZRcq
Post Malone,100,21335421,246dkjvS1zLTtiykXe5h60
Marshmello,90,20341696,64KEffDW9EtZ1y2vBYgq8T
Juice WRLD,98,7403812,4MCBfE4596Uoi2O4DtmEMz
BTS,93,15652748,3Nrfpe0tUJi4K4DXYWgMUX
TWICE,83,4498433,7n2Ycct7Beij7Dj7meI4X0
Future,91,8253537,1RyvyyTE3xzB2ZywiAwp0i
Post Malone,100,21335421,246dkjvS1zLTtiykXe5h60
Leona Lewis,78,2092198,5lKZWd6HiSCLfnDGrq9RAm
Harry Styles,95,5911371,6KImCVD70vtIoJWnq6nGn3
Marshmello,90,20341696,64KEffDW9EtZ1y2vBYgq8T
"Tyler, The Creator",87,3689916,4V8LLVI7PbaPR0K2TGSxFF
Kylie Minogue,78,929944,4RVnAU35WRWra6OZ3CbbMA
Shindy,76,608268,5j21TGkrNEAJe3gG9VlS34
Lil Baby,93,3258508,5f7VJjfbwm532GiveGC0ZK
Camila Cabello,96,14245838,4nDoRrQiYLoBzwC5BhVJzF
XXXTENTACION,95,17294420,15UsOTVnJzReFVN1VCnxy4
Lil Baby,93,3258508,5f7VJjfbwm532GiveGC0ZK
Omar Montes,76,98853,3lY9Fxceu60W1rbon7PkuF
Ed Sheeran,98,57463755,6eUKZXaKkcviH0Ku9w2n3V
Y2K,81,134196,6USMTwO0MNDnKte5a5h0xx
ScHoolboy Q,81,2913150,5IcR3N7QB1j6KBL8eImZ8m
Alan Walker,89,17470399,7vk5e3vY1uw9plTHJAMwjN
Paloma Mami,75,563466,7rOlQwf8OuFLFQp4aydjBt
Tyga,92,5328383,5LHRHt1k9lMyONurDHEdrp
BLACKPINK,83,10276873,41MozSoPIsD1dJM0CLPjZF
Lauv,91,2139634,5JZ7CnR6gTvEMKX4g70Amv
Ozuna,98,21123358,1i8SpTcr7yvPOmcqrbnVXY
Coldplay,92,24034836,4gzpq5DPGxSnKTe4SA8HAU
Summer Walker,85,821531,57LYzLEk2LcFghVwuWbcuS
Nimo,82,848130,3ZuBEj9ppJe8GSdKaMTfMN
Blueface,81,1765266,3Fl1V19tmjt57oBdxXKAjJ
Doja Cat,86,836522,5cj0lLjcoR7YOSnhnX0Po5
Kanye West,94,10995470,5K4W6rqBFWDnAN6FQUkS6x
Rick Ross,86,3714784,1sBkRIssrMs1AbVkOJbc7a
Reynmen,64,958512,1Fg19vpUJpAAPFjnKaVYVW
Jorja Smith,80,1259084,1CoZyIx7UvdxT5c8UkMzHd
Lil Tecca,88,1508291,4Ga1P7PMIsmqEZqhYZQgDo
Dean Lewis,83,926350,3QSQFmccmX81fWCUSPTS7y
Juice WRLD,98,7403812,4MCBfE4596Uoi2O4DtmEMz
Maluma,92,18201306,1r4hJ1h58CWwUQe3MxPuau
Capital Bra,86,2984316,4WZGDpNwrC0vNQyl9QzF7d
ScHoolboy Q,81,2913150,5IcR3N7QB1j6KBL8eImZ8m
Blue Ivy,90,21495344,6vWDO969PvNqNYHIOW5v0m
Daya,79,1028506,6Dd3NScHWwnW6obMFbl1BH
Trippie Redd,92,3998147,6Xgp2XMz1fhVYe7i6yNAax
Beyoncé,90,21495344,6vWDO969PvNqNYHIOW5v0m
Lil Baby,93,3258508,5f7VJjfbwm532GiveGC0ZK
Avicii,89,16559762,1vCWHaC5f2uS3yhpwWbIA6
"Tyler, The Creator",87,3689916,4V8LLVI7PbaPR0K2TGSxFF
J Balvin,99,17106207,1vyhD5VmyZ7KMfW5gqLgo5
Ed Sheeran,98,57463755,6eUKZXaKkcviH0Ku9w2n3V
Ozuna,98,21123358,1i8SpTcr7yvPOmcqrbnVXY
Juice WRLD,98,7403812,4MCBfE4596Uoi2O4DtmEMz
Lil Tecca,88,1508291,4Ga1P7PMIsmqEZqhYZQgDo
J Balvin,99,17106207,1vyhD5VmyZ7KMfW5gqLgo5
Marracash,83,836175,5AZuEF0feCXMkUCwQiQlW7
Red Velvet,82,2883044,1z4g3DjTBBZKhvAroFlhOM
Piso 21,84,4845869,4bw2Am3p9ji3mYsXNXtQcd
Taylor Swift,95,25846444,06HL4z0CvFAxyc27GXpf02
The Jackson 5,79,882142,2iE18Oxc8YSumAU232n4rW
ScHoolboy Q,81,2913150,5IcR3N7QB1j6KBL8eImZ8m
Harry Styles,95,5911371,6KImCVD70vtIoJWnq6nGn3
Tony Bennett,76,485062,2lolQgalUvZDfp5vvVtTYV
JACKBOYS,84,81773,7A8S43ryYdbWpJKeHRZRcq
Dennis Lloyd,76,364822,3EOEK57CV77D4ovYVcmiyt
"Tyler, The Creator",87,3689916,4V8LLVI7PbaPR0K2TGSxFF
Rauw Alejandro,89,472527,1mcTU81TzQhprhouKaTkpq
Ed Sheeran,98,57463755,6eUKZXaKkcviH0Ku9w2n3V
Machine Gun Kelly,84,1813344,6TIYQ3jFPwQSRmorSezPxX
Charlie Puth,85,9096895,6VuMaDnrHyPL1p4EHjYLi7
Ed Sheeran,98,57463755,6eUKZXaKkcviH0Ku9w2n3V
Taylor Swift,95,25846444,06HL4z0CvFAxyc27GXpf02
Rudimental,78,1132015,4WN5naL3ofxrVBgFpguzKo
Dreamville,78,186560,1iNqsUDUraNWrj00bqssQG
Labrinth,83,1024987,2feDdbD5araYcm6JhFHHw7
Summer Cem,81,818637,3drqpTL4sQOckmAfF9i1wg
The Chainsmokers,91,15139114,69GGBxA162lTqCwzJG5jLp
Dennis DJ,77,1392819,6xlRSRMLgZbsSNd0BMobwy
"Tyler, The Creator",87,3689916,4V8LLVI7PbaPR0K2TGSxFF
Cauty,72,130509,2QUvtLq6oQaX0LNsYY2fas
Ant Saunders,78,27094,4jpsw9CQS439N0B7SecMgf
Anitta,89,8588071,7FNnA9vBm6EKceENgCGRMb
NAV,83,1763142,7rkW85dBwwrJtlHRDkJDAC
Juice WRLD,98,7403812,4MCBfE4596Uoi2O4DtmEMz
Lana Del Rey,89,9718093,00FQb4jTyendYWaN8pK0wa
Lil Nas X,87,2218983,7jVv8c5Fj3E9VhNjxT4snq
Shindy,76,608268,5j21TGkrNEAJe3gG9VlS34
Saweetie,77,510376,6cK3NBO6uP7hh0oyuVELFl
JACKBOYS,84,81773,7A8S43ryYdbWpJKeHRZRcq
Loredana,78,565240,2Im8m4STDBosjfmb5hmP80
Don Patricio,74,251643,6vPXtLmNd3mW0dd1Rb9eQ9
Harry Styles,95,5911371,6KImCVD70vtIoJWnq6nGn3
OneRepublic,86,9208531,5Pwc4xIPtQLFEnJriah9YJ
MERO,76,1151567,5wyWp867LWGjFmYZXVSFnZ
Luan Santana,80,3742715,3qvcCP2J0fWi0m0uQDUf6r
Lil Nas X,87,2218983,7jVv8c5Fj3E9VhNjxT4snq
Zedd,86,4997291,2qxJFvFYMEDqd7ui6kSAcq
Kina,81,256939,4qIVPF0s71ZYW3qzhu5GkF
"Tyler, The Creator",87,3689916,4V8LLVI7PbaPR0K2TGSxFF
Taylor Swift,95,25846444,06HL4z0CvFAxyc27GXpf02
Harry Styles,95,5911371,6KImCVD70vtIoJWnq6nGn3
Ed Sheeran,98,57463755,6eUKZXaKkcviH0Ku9w2n3V
Don Toliver,85,180947,4Gso3d4CscCijv0lmajZWs
Ufo361,83,1230672,5pVRwX5ZQR7hfJ18w8ZYkl
JACKBOYS,84,81773,7A8S43ryYdbWpJKeHRZRcq
Drake,99,43763483,3TVXtAsR1Inumwj472S9r4
Young Thug,94,4744074,50co4Is1HCEo8bhOyUWKpn
Loredana,78,565240,2Im8m4STDBosjfmb5hmP80
BTS,93,15652748,3Nrfpe0tUJi4K4DXYWgMUX
Twenty One Pilots,88,15863544,3YQKmKGau1PzlVlkL1iodx
MC Du Black,73,31159,6v4PBIzRAGaLp43LVureQc
Bazzi,86,2722028,4GvEc3ANtPPjt1ZJllr5Zl
"Tyler, The Creator",87,3689916,4V8LLVI7PbaPR0K2TGSxFF
Samra,84,504708,6h1s4i4XKIYv4ErDelLDN0
DJ Khaled,82,4390256,0QHgL1lAIqAw0HtD7YldmP
Shindy,76,608268,5j21TGkrNEAJe3gG9VlS34
Kanye West,94,10995470,5K4W6rqBFWDnAN6FQUkS6x
Ed Sheeran,98,57463755,6eUKZXaKkcviH0Ku9w2n3V
Hozier,83,3687145,2FXC3k01G6Gw61bmprjgqS
Apache 207,86,459884,1qQLhymHXFPtP5U8KNKsm6
The Cratez,76,7160,3pVfscwg2QxhdHtk966inb
Lil Nas X,87,2218983,7jVv8c5Fj3E9VhNjxT4snq
Ed Sheeran,98,57463755,6eUKZXaKkcviH0Ku9w2n3V
Farid Bang,73,641366,2JwyRtuXf2l6sTnSnGVIa1
Julia Michaels,87,2485486,0ZED1XzwlLHW4ZaG4lOT6m
Offset,89,1389641,4DdkRBBYG6Yk9Ka8tdJ9BW
Norm Ender,67,789493,3S6gaE89XewFAvZqsMuJDJ
Apache 207,86,459884,1qQLhymHXFPtP5U8KNKsm6
21 Savage,90,7271390,1URnnhqYAYcrqrcwql10ft
Pentatonix,85,2499652,26AHtbjWKiwYzsoGoUZq53
J Balvin,99,17106207,1vyhD5VmyZ7KMfW5gqLgo5
Samra,84,504708,6h1s4i4XKIYv4ErDelLDN0
Tory Lanez,87,2680869,2jku7tDXc6XoB6MO2hFuqg
Ultimo,79,1598243,3hN3iJMbbBmqBSAMx5veDa
KC Rebell,75,912003,5p7mWeX4RlvqBCxylfiXdE
Capital Bra,86,2984316,4WZGDpNwrC0vNQyl9QzF7d
Rammstein,83,3823990,6wWVKhxIU2cEi0K81v7HvP
Lana Del Rey,89,9718093,00FQb4jTyendYWaN8pK0wa
Gwen Stefani,79,3565113,4yiQZ8tQPux8cPriYMWUFP
Sia,90,15317280,5WUlDfRSoLAfcVSX1WnrxN
Taylor Swift,95,25846444,06HL4z0CvFAxyc27GXpf02
NF,89,2865437,6fOMl44jA4Sp5b9PpYCkzz
Post Malone,100,21335421,246dkjvS1zLTtiykXe5h60
NLE Choppa,86,764672,0ErzCpIMyLcjPiwT4elrtZ
Lil Pump,83,6375460,3wyVrVrFCkukjdVIdirGVY
Sebastian Yatra,89,10046817,07YUOmWljBTXwIseAUd9TW
*NSYNC,77,1169359,6Ff53KvcvAj5U7Z1vojB5o
Shirin David,69,336391,0JBdTCGs111JKKYfLqOEBa
Post Malone,100,21335421,246dkjvS1zLTtiykXe5h60
Kalazh44,66,56014,5sRQkVexJlax2iISuqL8cV
Dreamville,78,186560,1iNqsUDUraNWrj00bqssQG
Summer Walker,85,821531,57LYzLEk2LcFghVwuWbcuS
ROSALÍA,87,2299313,7ltDVBr6mKbRvohxheJ9h1
Harry Styles,95,5911371,6KImCVD70vtIoJWnq6nGn3
Eartha Kitt,69,83671,1AwO9pWEBSBoWdEZu28XDC
Khalid,96,10092177,6LuN9FCkKOj5PcnpouEgny
Capital Bra,86,2984316,4WZGDpNwrC0vNQyl9QzF7d
A Boogie Wit da Hoodie,91,3899600,31W5EY0aAly4Qieq6OFu6I
Summer Cem,81,818637,3drqpTL4sQOckmAfF9i1wg
Zé Neto & Cristiano,86,9236336,487N2T9nIPEHrlTZLL3SQs
Paulo Londra,86,9006523,3vQ0GE3mI0dAaxIMYe5g7z
Avicii,89,16559762,1vCWHaC5f2uS3yhpwWbIA6
Harry Styles,95,5911371,6KImCVD70vtIoJWnq6nGn3
XXXTENTACION,95,17294420,15UsOTVnJzReFVN1VCnxy4
Nimo,82,848130,3ZuBEj9ppJe8GSdKaMTfMN
Lil Nas X,87,2218983,7jVv8c5Fj3E9VhNjxT4snq
ScHoolboy Q,81,2913150,5IcR3N7QB1j6KBL8eImZ8m
Juice WRLD,98,7403812,4MCBfE4596Uoi2O4DtmEMz
Michael Bublé,92,3547268,1GxkXlMwML1oSg5eLPiAz3
KAROL G,92,7947851,790FomKkXshlbRYZFtlgla
Samra,84,504708,6h1s4i4XKIYv4ErDelLDN0
True Damage,67,28347,7xX15v6ahAkcT14kHfB9wB
Loredana,78,565240,2Im8m4STDBosjfmb5hmP80
Loredana,78,565240,2Im8m4STDBosjfmb5hmP80
Lil Pump,83,6375460,3wyVrVrFCkukjdVIdirGVY
DaBaby,95,1799463,4r63FhuTkUYltbVAg5TQnk
The Chainsmokers,91,15139114,69GGBxA162lTqCwzJG5jLp
Zac Efron,77,612727,6U1dBXJhC8gXFjamvFTmHg
DaBaby,95,1799463,4r63FhuTkUYltbVAg5TQnk
Michael Bublé,92,3547268,1GxkXlMwML1oSg5eLPiAz3
XXXTENTACION,95,17294420,15UsOTVnJzReFVN1VCnxy4
Lewis Capaldi,92,2143489,4GNC7GD6oZMSxPGyXy4MNB
The Weeknd,96,18323290,1Xyo4u8uXC1ZmMpatF05PJ
Elton John,87,4361424,3PhoLpVuITZKcymswpck5b
tha Supreme,86,510487,19i93sA0D7yS9dYoVNBqAA
Stevie Wonder,83,3992296,7guDJrEfX3qb6FEbdPA5qi
Khalid,96,10092177,6LuN9FCkKOj5PcnpouEgny
Queen,93,22898929,1dfeR4HaWDbWqFHLkxsg1d
Ninho,84,2588183,6Te49r3A6f5BiIgBRxH7FH
SHAED,81,84410,3KwmxIhSe9UTSEF37kwngR
RIN,82,451971,18ISxWwWjV6rPLoVCXf1dz
Dean Martin,82,806529,49e4v89VmlDcFCMyDv9wQ9
JACKBOYS,84,81773,7A8S43ryYdbWpJKeHRZRcq
Khalid,96,10092177,6LuN9FCkKOj5PcnpouEgny
NAV,83,1763142,7rkW85dBwwrJtlHRDkJDAC
Kina,81,256939,4qIVPF0s71ZYW3qzhu5GkF
Lewis Capaldi,92,2143489,4GNC7GD6oZMSxPGyXy4MNB
Dean Martin,82,806529,49e4v89VmlDcFCMyDv9wQ9
KC Rebell,75,912003,5p7mWeX4RlvqBCxylfiXdE
Ed Sheeran,98,57463755,6eUKZXaKkcviH0Ku9w2n3V
Trippie Redd,92,3998147,6Xgp2XMz1fhVYe7i6yNAax
Brett Eldredge,77,1046901,0qSX3s5pJnAlSsgsCne8Cz
Ufo361,83,1230672,5pVRwX5ZQR7hfJ18w8ZYkl
Beyoncé,90,21495344,6vWDO969PvNqNYHIOW5v0m
Frank Sinatra,88,3528165,1Mxqyy3pSjf8kZZL4QVxS0
Harry Styles,95,5911371,6KImCVD70vtIoJWnq6nGn3
Loredana,78,565240,2Im8m4STDBosjfmb5hmP80
Fero47,73,298804,4A7HeXSd4HtQuf6IR5XZ1b
Logic,87,4329265,4xRYI6VqpkE3UwrDrAZL8L
Lil Peep,88,3024183,2kCcBybjl3SAtIcwdWpUe3
Samra,84,504708,6h1s4i4XKIYv4ErDelLDN0
Lana Del Rey,89,9718093,00FQb4jTyendYWaN8pK0wa
Lana Del Rey,89,9718093,00FQb4jTyendYWaN8pK0wa
Jorge & Mateus,86,11223376,1elUiq4X7pxej6FRlrEzjM
Logic,87,4329265,4xRYI6VqpkE3UwrDrAZL8L
Beyoncé,90,21495344,6vWDO969PvNqNYHIOW5v0m
Beyoncé,90,21495344,6vWDO969PvNqNYHIOW5v0m
J Balvin,99,17106207,1vyhD5VmyZ7KMfW5gqLgo5
Ozuna,98,21123358,1i8SpTcr7yvPOmcqrbnVXY
Capital Bra,86,2984316,4WZGDpNwrC0vNQyl9QzF7d
Post Malone,100,21335421,246dkjvS1zLTtiykXe5h60
P!nk,86,7714421,1KCSPY1glIKqW2TotWuXOR
Beyoncé,90,21495344,6vWDO969PvNqNYHIOW5v0m
A Boogie Wit da Hoodie,91,3899600,31W5EY0aAly4Qieq6OFu6I
Nekfeu,80,1154381,4LXBc13z5EWsc5N32bLxfH
Anitta,89,8588071,7FNnA9vBm6EKceENgCGRMb
David Guetta,90,20802505,1Cs0zKBU1kc0i8ypK3B9ai
Lizzo,88,1838446,56oDRnqbIiwx4mymNEv7dS
Lizzo,88,1838446,56oDRnqbIiwx4mymNEv7dS
Khalid,96,10092177,6LuN9FCkKOj5PcnpouEgny
Gemitaiz,79,1432373,4upwdFMlZBmQ68jP9jPzjK
Khalid,96,10092177,6LuN9FCkKOj5PcnpouEgny
Frank Ocean,88,5178098,2h93pZq0e7k5yf4dywlkpM
Dreamville,78,186560,1iNqsUDUraNWrj00bqssQG
Ufo361,83,1230672,5pVRwX5ZQR7hfJ18w8ZYkl
Nat King Cole,82,1200836,7v4imS0moSyGdXyLgVTIV7
Tyga,92,5328383,5LHRHt1k9lMyONurDHEdrp
Frank Sinatra,88,3528165,1Mxqyy3pSjf8kZZL4QVxS0
Billie Eilish,98,18867904,6qqNVTkY8uBg9cP3Jd7DAH
"Tyler, The Creator",87,3689916,4V8LLVI7PbaPR0K2TGSxFF
DJ Khaled,82,4390256,0QHgL1lAIqAw0HtD7YldmP
XXXTENTACION,95,17294420,15UsOTVnJzReFVN1VCnxy4
Dermot Kennedy,80,492594,5KNNVgR6LBIABRIomyCwKJ
"Tyler, The Creator",87,3689916,4V8LLVI7PbaPR0K2TGSxFF
The Chainsmokers,91,15139114,69GGBxA162lTqCwzJG5jLp
Bing Crosby,85,279435,6ZjFtWeHP9XN7FeKSUe80S
Bad Bunny,98,17863391,4q3ewBCX7sLwd24euuV69X
Michael Bublé,92,3547268,1GxkXlMwML1oSg5eLPiAz3
Lauv,91,2139634,5JZ7CnR6gTvEMKX4g70Amv
SuperM,68,381691,5BHFSMEjfLVx1JwRWjAOsE
Khalid,96,10092177,6LuN9FCkKOj5PcnpouEgny
NF,89,2865437,6fOMl44jA4Sp5b9PpYCkzz
Gunna,92,1709666,2hlmm7s2ICUX0LVIhVFlZQ
Trippie Redd,92,3998147,6Xgp2XMz1fhVYe7i6yNAax
DaBaby,95,1799463,4r63FhuTkUYltbVAg5TQnk
Tory Lanez,87,2680869,2jku7tDXc6XoB6MO2hFuqg
Post Malone,100,21335421,246dkjvS1zLTtiykXe5h60
Roddy Ricch,93,1162631,757aE44tKEUQEqRuT6GnEB
James Blake,75,936358,53KwLdlmrlCelAZMaLVZqU
Dreamville,78,186560,1iNqsUDUraNWrj00bqssQG
BROCKHAMPTON,84,1162941,1Bl6wpkWCQ4KVgnASpvzzA
KSI,74,786099,1nzgtKYFckznkcVMR3Gg4z
Big Sean,86,6962784,0c173mlxpT3dSFRgMO8XPh
Lana Del Rey,89,9718093,00FQb4jTyendYWaN8pK0wa
Paulo Londra,86,9006523,3vQ0GE3mI0dAaxIMYe5g7z
6ix9ine,84,4393100,7gZfnEnfiaHzxARJ2LeXrf
Doja Cat,86,836522,5cj0lLjcoR7YOSnhnX0Po5
Juice WRLD,98,7403812,4MCBfE4596Uoi2O4DtmEMz
Jonas Brothers,87,3492262,7gOdHgIoIKoe4i9Tta6qdD
Roddy Ricch,93,1162631,757aE44tKEUQEqRuT6GnEB
David Guetta,90,20802505,1Cs0zKBU1kc0i8ypK3B9ai
DJ Khaled,82,4390256,0QHgL1lAIqAw0HtD7YldmP
2 Chainz,86,5191623,17lzZA2AlOHwCwFALHttmp
Post Malone,100,21335421,246dkjvS1zLTtiykXe5h60
Capital Bra,86,2984316,4WZGDpNwrC0vNQyl9QzF7d
Frank Ocean,88,5178098,2h93pZq0e7k5yf4dywlkpM
Pedro Sampaio,80,239739,5wbf52LA6kcaboHSN6NEF1
Márcia Fellipe,67,958758,3OxZ4asD88P1lJJmLcXz4K
Billie Eilish,98,18867904,6qqNVTkY8uBg9cP3Jd7DAH
2 Chainz,86,5191623,17lzZA2AlOHwCwFALHttmp
Tones and I,92,484241,2NjfBq1NflQcKSeiDooVjY
Khalid,96,10092177,6LuN9FCkKOj5PcnpouEgny
BTS,93,15652748,3Nrfpe0tUJi4K4DXYWgMUX
Tyga,92,5328383,5LHRHt1k9lMyONurDHEdrp
Jorge & Mateus,86,11223376,1elUiq4X7pxej6FRlrEzjM
Young Thug,94,4744074,50co4Is1HCEo8bhOyUWKpn
Metro Boomin,84,1647724,0iEtIxbK0KxaSlF7G42ZOp
Samra,84,504708,6h1s4i4XKIYv4ErDelLDN0
Summer Walker,85,821531,57LYzLEk2LcFghVwuWbcuS
Donny Hathaway,71,298778,0HU0U9kdXEHZVxUNbuQe8S
Post Malone,100,21335421,246dkjvS1zLTtiykXe5h60
Bushido,76,968970,3c96G4d2lUOxhomM2mby5S
J Balvin,99,17106207,1vyhD5VmyZ7KMfW5gqLgo5
NF,89,2865437,6fOMl44jA4Sp5b9PpYCkzz
G-Eazy,87,4234806,02kJSzxNuaWGqwubyUba0Z
j-hope,70,2549092,0b1sIQumIAsNbqAoIClSpy
Ella Fitzgerald,80,1494046,5V0MlUE1Bft0mbLlND7FJz
Zara Larsson,84,6527316,1Xylc3o4UrD53lo9CvFvVg
Martin Garrix,88,12498138,60d24wfXkVzDSfLS6hyCjZ
Bing Crosby,85,279435,6ZjFtWeHP9XN7FeKSUe80S
Lil Skies,85,3588556,7d3WFRME3vBY2cgoP38RDo
KYLE,77,820763,4qBgvVog0wzW75IQ48mU7v
Khalid,96,10092177,6LuN9FCkKOj5PcnpouEgny
Billie Eilish,98,18867904,6qqNVTkY8uBg9cP3Jd7DAH
ROSALÍA,87,2299313,7ltDVBr6mKbRvohxheJ9h1
Juice WRLD,98,7403812,4MCBfE4596Uoi2O4DtmEMz
J Balvin,99,17106207,1vyhD5VmyZ7KMfW5gqLgo5
Sfera Ebbasta,81,3625832,23TFHmajVfBtlRx5MXqgoz
TINI,81,869450,7vXDAI8JwjW531ouMGbfcp
Sech,95,2397904,77ziqFxp5gaInVrF2lj4ht
DJ Snake,88,6393532,540vIaP2JwjQb9dm3aArA4
Chance the Rapper,87,4587455,1anyVhU62p31KFi8MEzkbf
Nicky Jam,94,10569805,1SupJlEpv7RS2tPNRaHViT
MC L da Vinte,61,222451,0lHB0Qc4pmD5RkTLlHeESo
Lana Del Rey,89,9718093,00FQb4jTyendYWaN8pK0wa
Avicii,89,16559762,1vCWHaC5f2uS3yhpwWbIA6
Juice WRLD,98,7403812,4MCBfE4596Uoi2O4DtmEMz
Khalid,96,10092177,6LuN9FCkKOj5PcnpouEgny
Dermot Kennedy,80,492594,5KNNVgR6LBIABRIomyCwKJ
YBN Cordae,78,878000,0huGjMyP507tBCARyzSkrv
Lil Baby,93,3258508,5f7VJjfbwm532GiveGC0ZK
Liam Payne,81,4808751,5pUo3fmmHT8bhCyHE52hA6
Ariana Grande,97,40958727,66CXWjxzNUsdJxJ2JdwvnR
JACKBOYS,84,81773,7A8S43ryYdbWpJKeHRZRcq
Katy Perry,89,14486730,6jJ0s89eD6GaHleKKya26X
Rich Music LTD,84,28778,2kqUKsTuEj1lPbm6BSn1AU
Lana Del Rey,89,9718093,00FQb4jTyendYWaN8pK0wa
Miley Cyrus,87,10744522,5YGY8feqx7naU7z4HrwZM6
RAF Camora,85,1053568,0Dvx6p8JDyzeOPGmaCIH1L
Train,80,3100731,3FUY2gzHeIiaesXtOAdB7A
Logic,87,4329265,4xRYI6VqpkE3UwrDrAZL8L
Beyoncé,90,21495344,6vWDO969PvNqNYHIOW5v0m
Chance the Rapper,87,4587455,1anyVhU62p31KFi8MEzkbf
Gunna,92,1709666,2hlmm7s2ICUX0LVIhVFlZQ
Ufo361,83,1230672,5pVRwX5ZQR7hfJ18w8ZYkl
TOMORROW X TOGETHER,74,1019092,0ghlgldX5Dd6720Q3qFyQB
Ozuna,98,21123358,1i8SpTcr7yvPOmcqrbnVXY
Little Mix,84,6853096,3e7awlrlDSwF3iM0WBjGMp
The Weeknd,96,18323290,1Xyo4u8uXC1ZmMpatF05PJ
NF,89,2865437,6fOMl44jA4Sp5b9PpYCkzz
J Balvin,99,17106207,1vyhD5VmyZ7KMfW5gqLgo5
Ninho,84,2588183,6Te49r3A6f5BiIgBRxH7FH
Alan Walker,89,17470399,7vk5e3vY1uw9plTHJAMwjN
MC Kevin o Chris,84,1139072,2UMj7NCbuqy1yUZmiSYGjJ
Shirin David,69,336391,0JBdTCGs111JKKYfLqOEBa
tha Supreme,86,510487,19i93sA0D7yS9dYoVNBqAA
PNL,80,2607096,3NH8t45zOTqzlZgBvZRjvB
Duki,84,2687391,1bAftSH8umNcGZ0uyV7LMg
Trippie Redd,92,3998147,6Xgp2XMz1fhVYe7i6yNAax
Gunna,92,1709666,2hlmm7s2ICUX0LVIhVFlZQ
Nicky Jam,94,10569805,1SupJlEpv7RS2tPNRaHViT
Chance the Rapper,87,4587455,1anyVhU62p31KFi8MEzkbf
Julia Michaels,87,2485486,0ZED1XzwlLHW4ZaG4lOT6m
Reynmen,64,958512,1Fg19vpUJpAAPFjnKaVYVW
6ix9ine,84,4393100,7gZfnEnfiaHzxARJ2LeXrf
Jax Jones,81,662652,4Q6nIcaBED8qUel8bBx6Cr
Bryant Myers,84,3207158,6w9ToX5slZ4uIdmD17hJ3c
Offset,89,1389641,4DdkRBBYG6Yk9Ka8tdJ9BW
Avicii,89,16559762,1vCWHaC5f2uS3yhpwWbIA6
Gucci Mane,87,3031961,13y7CgLHjMVRMDqxdx0Xdo
Beyoncé,90,21495344,6vWDO969PvNqNYHIOW5v0m
Avicii,89,16559762,1vCWHaC5f2uS3yhpwWbIA6
The Beach Boys,79,2348357,3oDbviiivRWhXwIE8hxkVV
Rammstein,83,3823990,6wWVKhxIU2cEi0K81v7HvP
Blanco Brown,71,74640,3yzRiNMZdTsSUgplcyYZ4i
"Earth, Wind & Fire",77,2153254,4QQgXkCYTt3BlENzhyNETg
Trippie Redd,92,3998147,6Xgp2XMz1fhVYe7i6yNAax
Billie Eilish,98,18867904,6qqNVTkY8uBg9cP3Jd7DAH
Logic,87,4329265,4xRYI6VqpkE3UwrDrAZL8L
João Gustavo e Murilo,74,152233,6xerOqBLmelL3xZNZkVbGl
Roddy Ricch,93,1162631,757aE44tKEUQEqRuT6GnEB
Michael Bublé,92,3547268,1GxkXlMwML1oSg5eLPiAz3
Lana Del Rey,89,9718093,00FQb4jTyendYWaN8pK0wa
Dardan,73,589678,3pjq2pDV9RR6VY55wBjVnp
Céline Dion,82,3238147,4S9EykWXhStSc15wEx8QFK
MERO,76,1151567,5wyWp867LWGjFmYZXVSFnZ
A Boogie Wit da Hoodie,91,3899600,31W5EY0aAly4Qieq6OFu6I
Boney M.,75,589163,54R6Y0I7jGUCveDTtI21nb
Hozier,83,3687145,2FXC3k01G6Gw61bmprjgqS
Lady Gaga,89,10181517,1HY2Jd0NmPuamShAr6KMms
Post Malone,100,21335421,246dkjvS1zLTtiykXe5h60
DJ Khaled,82,4390256,0QHgL1lAIqAw0HtD7YldmP
Travis Scott,98,7626718,0Y5tJX1MQlPlqiwlOH1tJY
Rich The Kid,84,1933809,1pPmIToKXyGdsCF6LmqLmI
Young Thug,94,4744074,50co4Is1HCEo8bhOyUWKpn
RIN,82,451971,18ISxWwWjV6rPLoVCXf1dz
KC Rebell,75,912003,5p7mWeX4RlvqBCxylfiXdE
Young Thug,94,4744074,50co4Is1HCEo8bhOyUWKpn
RIN,82,451971,18ISxWwWjV6rPLoVCXf1dz
Beyoncé,90,21495344,6vWDO969PvNqNYHIOW5v0m
Dreamville,78,186560,1iNqsUDUraNWrj00bqssQG
Drake,99,43763483,3TVXtAsR1Inumwj472S9r4
Anuel AA,96,9911627,2R21vXR83lH98kGeO99Y66
Hozier,83,3687145,2FXC3k01G6Gw61bmprjgqS
ScHoolboy Q,81,2913150,5IcR3N7QB1j6KBL8eImZ8m
Bing Crosby,85,279435,6ZjFtWeHP9XN7FeKSUe80S
John Mayer,86,4315368,0hEurMDQu99nJRq8pTxO14
Alesso,81,3221766,4AVFqumd2ogHFlRbKIjp1t
Alessia Cara,85,6587644,2wUjUUtkb5lvLKcGKsKqsR
Juice WRLD,98,7403812,4MCBfE4596Uoi2O4DtmEMz
Jax Jones,81,662652,4Q6nIcaBED8qUel8bBx6Cr
DJ Snake,88,6393532,540vIaP2JwjQb9dm3aArA4
Lewis Capaldi,92,2143489,4GNC7GD6oZMSxPGyXy4MNB
Drake,99,43763483,3TVXtAsR1Inumwj472S9r4
YNW Melly,90,2433412,1cNDP5yjU5vjeR8qMf4grg
Drake,99,43763483,3TVXtAsR1Inumwj472S9r4
Slade,67,141501,10n5lhNDoSMUHWLlnST1yw
Trippie Redd,92,3998147,6Xgp2XMz1fhVYe7i6yNAax
YG,86,2020926,0A0FS04o6zMoto8OKPsDwY
Solange,71,949175,2auiVi8sUZo17dLy1HwrTU
Logic,87,4329265,4xRYI6VqpkE3UwrDrAZL8L
Michael Bublé,92,3547268,1GxkXlMwML1oSg5eLPiAz3
TOOL,78,1126207,2yEwvVSSSUkcLeSTNyHKh8
Juice WRLD,98,7403812,4MCBfE4596Uoi2O4DtmEMz
Tyga,92,5328383,5LHRHt1k9lMyONurDHEdrp
Rick Ross,86,3714784,1sBkRIssrMs1AbVkOJbc7a
Christina Aguilera,84,4811827,1l7ZsJRRS8wlW3WfJfPfNS
Ariana Grande,97,40958727,66CXWjxzNUsdJxJ2JdwvnR
Conan Gray,80,726329,4Uc8Dsxct0oMqx0P6i60ea
Mariah Carey,89,5197826,4iHNK0tOyZPYnBU7nGAgpQ
Judy Garland,68,122715,0hItVPjwJLVZrFqOyIsxPf
Gene Autry,69,27188,5ixB75BQR3ADoWQkcHQJTs
Future,91,8253537,1RyvyyTE3xzB2ZywiAwp0i
Ella Fitzgerald,80,1494046,5V0MlUE1Bft0mbLlND7FJz
Miley Cyrus,87,10744522,5YGY8feqx7naU7z4HrwZM6
Bing Crosby,85,279435,6ZjFtWeHP9XN7FeKSUe80S
Macklemore & Ryan Lewis,79,2439551,5BcAKTbp20cv7tC5VqPFoC
Jonas Brothers,87,3492262,7gOdHgIoIKoe4i9Tta6qdD
Marília Mendonça,90,12972222,1yR65psqiazQpeM79CcGh8
Elvis Presley,85,3765036,43ZHCT0cAZBISjO8DG9PnE
Avicii,89,16559762,1vCWHaC5f2uS3yhpwWbIA6
Michael Bublé,92,3547268,1GxkXlMwML1oSg5eLPiAz3
Ozuna,98,21123358,1i8SpTcr7yvPOmcqrbnVXY
Future,91,8253537,1RyvyyTE3xzB2ZywiAwp0i
Halsey,92,9063023,26VFTg2z8YR0cCuwLzESi2
Idina Menzel,84,239956,73Np75Wv2tju61Eo9Zw4IR
Tame Impala,84,3187891,5INjqkS1o8h1imAzPqGZBb
XXXTENTACION,95,17294420,15UsOTVnJzReFVN1VCnxy4
Beyoncé,90,21495344,6vWDO969PvNqNYHIOW5v0m
Beyoncé,90,21495344,6vWDO969PvNqNYHIOW5v0m
Slipknot,83,5347669,05fG473iIaoy82BF1aGhL8
Drake,99,43763483,3TVXtAsR1Inumwj472S9r4
Michael Bublé,92,3547268,1GxkXlMwML1oSg5eLPiAz3
Lana Del Rey,89,9718093,00FQb4jTyendYWaN8pK0wa
Khalid,96,10092177,6LuN9FCkKOj5PcnpouEgny
Apache 207,86,459884,1qQLhymHXFPtP5U8KNKsm6
Michael Jackson,86,13384291,3fMbdgg4jU18AjLCKBhRSm
George Ezra,81,2876840,2ysnwxxNtSgbb9t1m2Ur4j
Shindy,76,608268,5j21TGkrNEAJe3gG9VlS34
Kontra K,79,1378671,4lDiJcOJ2GLCK6p9q5BgfK
Keala Settle,75,119237,7HV2RI2qNug4EcQqLbCAKS
Juice WRLD,98,7403812,4MCBfE4596Uoi2O4DtmEMz
Offset,89,1389641,4DdkRBBYG6Yk9Ka8tdJ9BW
Ninho,84,2588183,6Te49r3A6f5BiIgBRxH7FH
Cardi B,92,10412486,4kYSro6naA4h99UJvo89HB
Nipsey Hussle,79,1253075,0EeQBlQJFiAfJeVN2vT9s0
Dean Martin,82,806529,49e4v89VmlDcFCMyDv9wQ9
Irama,67,1039594,5iot8OPcosJN9nCl7I5SdK
PNL,80,2607096,3NH8t45zOTqzlZgBvZRjvB
Tame Impala,84,3187891,5INjqkS1o8h1imAzPqGZBb
Trippie Redd,92,3998147,6Xgp2XMz1fhVYe7i6yNAax
Christina Aguilera,84,4811827,1l7ZsJRRS8wlW3WfJfPfNS
Capital Bra,86,2984316,4WZGDpNwrC0vNQyl9QzF7d
Jhay Cortez,84,508260,0EFisYRi20PTADoJrifHrz
Jessie J,79,6987809,2gsggkzM5R49q6jpPvazou
Martin Jensen,75,726728,4ehtJnVumNf6xzSCDk8aLB
French Montana,87,3261832,6vXTefBL93Dj5IqAWq6OTv
Luke Combs,87,2202099,718COspgdWOnwOFpJHRZHS
Kacey Musgraves,81,682082,70kkdajctXSbqSMJbQO424
DaBaby,95,1799463,4r63FhuTkUYltbVAg5TQnk
Loredana,78,565240,2Im8m4STDBosjfmb5hmP80
BLACKPINK,83,10276873,41MozSoPIsD1dJM0CLPjZF
Coldplay,92,24034836,4gzpq5DPGxSnKTe4SA8HAU
Chance the Rapper,87,4587455,1anyVhU62p31KFi8MEzkbf
TOOL,78,1126207,2yEwvVSSSUkcLeSTNyHKh8
PNL,80,2607096,3NH8t45zOTqzlZgBvZRjvB
Ariana Grande,97,40958727,66CXWjxzNUsdJxJ2JdwvnR
Michael Bublé,92,3547268,1GxkXlMwML1oSg5eLPiAz3
Paulo Londra,86,9006523,3vQ0GE3mI0dAaxIMYe5g7z
Melanie Martinez,83,5683455,63yrD80RY3RNEM2YDpUpO8
Justin Bieber,96,32365717,1uNFoZAHBGtllmzznpCI3s
Trippie Redd,92,3998147,6Xgp2XMz1fhVYe7i6yNAax
PNL,80,2607096,3NH8t45zOTqzlZgBvZRjvB
Myke Towers,91,888971,7iK8PXO48WeuP03g8YR51W
88-Keys,58,13475,6RedK3o51NbUJuJxXlT4kj
DaBaby,95,1799463,4r63FhuTkUYltbVAg5TQnk
The Chainsmokers,91,15139114,69GGBxA162lTqCwzJG5jLp
Shiva,78,201241,2K5nCggbhSZ00YCYP5qkZS
Pentatonix,85,2499652,26AHtbjWKiwYzsoGoUZq53
Mel & Kim,63,109,5XnIjshjqYVE2eDVgSt9Ro
BTS,93,15652748,3Nrfpe0tUJi4K4DXYWgMUX
PNL,80,2607096,3NH8t45zOTqzlZgBvZRjvB
Mariah Carey,89,5197826,4iHNK0tOyZPYnBU7nGAgpQ
Eagles,81,4306498,0ECwFtbIWEVNwjlrfc6xoL
AC/DC,86,13960366,711MCceyCBcFnzjGY4Q7Un
Russ,86,3013841,1z7b1Pr1rSlvWRzsW3HOrS
DaBaby,95,1799463,4r63FhuTkUYltbVAg5TQnk
Michael Bublé,92,3547268,1GxkXlMwML1oSg5eLPiAz3
Rammstein,83,3823990,6wWVKhxIU2cEi0K81v7HvP
Russ,86,3013841,1z7b1Pr1rSlvWRzsW3HOrS
Nina Nesbitt,75,223413,7AzjETXRUKNRSJHMW9GIqd
Hannah Kerr,64,23442,5FxshnB3eJ2YDn8xN8zDKq
Wesley Safadão,82,7532491,1AL2GKpmRrKXkYIcASuRFa
PnB Rock,84,2262594,21WS9wngs9AqFckK7yYJPM
PNL,80,2607096,3NH8t45zOTqzlZgBvZRjvB
XXXTENTACION,95,17294420,15UsOTVnJzReFVN1VCnxy4
Shawn Mendes,94,23152263,7n2wHs1TKAczGzO7Dd2rGr
Juice WRLD,98,7403812,4MCBfE4596Uoi2O4DtmEMz
Lana Del Rey,89,9718093,00FQb4jTyendYWaN8pK0wa
Future,91,8253537,1RyvyyTE3xzB2ZywiAwp0i
Ufo361,83,1230672,5pVRwX5ZQR7hfJ18w8ZYkl
DaBaby,95,1799463,4r63FhuTkUYltbVAg5TQnk
TOOL,78,1126207,2yEwvVSSSUkcLeSTNyHKh8
TOOL,78,1126207,2yEwvVSSSUkcLeSTNyHKh8
Avril Lavigne,81,5429987,0p4nmQO2msCgU4IF37Wi3j
Rammstein,83,3823990,6wWVKhxIU2cEi0K81v7HvP
Blueface,81,1765266,3Fl1V19tmjt57oBdxXKAjJ
DaBaby,95,1799463,4r63FhuTkUYltbVAg5TQnk
Future,91,8253537,1RyvyyTE3xzB2ZywiAwp0i
Lil Nas X,87,2218983,7jVv8c5Fj3E9VhNjxT4snq
Avicii,89,16559762,1vCWHaC5f2uS3yhpwWbIA6
Miley Cyrus,87,10744522,5YGY8feqx7naU7z4HrwZM6
Lana Del Rey,89,9718093,00FQb4jTyendYWaN8pK0wa
DaBaby,95,1799463,4r63FhuTkUYltbVAg5TQnk
Shindy,76,608268,5j21TGkrNEAJe3gG9VlS34
Lana Del Rey,89,9718093,00FQb4jTyendYWaN8pK0wa
Drake,99,43763483,3TVXtAsR1Inumwj472S9r4
RIN,82,451971,18ISxWwWjV6rPLoVCXf1dz
Roddy Ricch,93,1162631,757aE44tKEUQEqRuT6GnEB
Juice WRLD,98,7403812,4MCBfE4596Uoi2O4DtmEMz
Drake,99,43763483,3TVXtAsR1Inumwj472S9r4
Offset,89,1389641,4DdkRBBYG6Yk9Ka8tdJ9BW
Drake,99,43763483,3TVXtAsR1Inumwj472S9r4
Luche,74,333836,3yiEJ9SByXZMXTwaKdVFN4
Azet,75,941010,39KEQQAG9JhIt71g9NEVhh
Bryan Adams,80,1440272,3Z02hBLubJxuFJfhacLSDc
Logic,87,4329265,4xRYI6VqpkE3UwrDrAZL8L
Chance the Rapper,87,4587455,1anyVhU62p31KFi8MEzkbf
Melanie Thornton,63,5230,2apYMRrg5FxN4go0pfsCvf
Portugal. The Man,75,1036250,4kI8Ie27vjvonwaB2ePh8T
Beyoncé,90,21495344,6vWDO969PvNqNYHIOW5v0m
DJ Khaled,82,4390256,0QHgL1lAIqAw0HtD7YldmP
Beyoncé,90,21495344,6vWDO969PvNqNYHIOW5v0m
Ninho,84,2588183,6Te49r3A6f5BiIgBRxH7FH
2 Chainz,86,5191623,17lzZA2AlOHwCwFALHttmp
Şanışer,70,500604,5LUxu287CsPM7jy3yS3l86
Luca Hänni,57,39750,5JbALDn35ZrLwVAle4xVqZ
Nipsey Hussle,79,1253075,0EeQBlQJFiAfJeVN2vT9s0
Tiësto,85,4824537,2o5jDhtHVPhrJdv3cEQ99Z
Future,91,8253537,1RyvyyTE3xzB2ZywiAwp0i
Louis Tomlinson,75,2800005,57WHJIHrjOE3iAxpihhMnp
Drake,99,43763483,3TVXtAsR1Inumwj472S9r4
MERO,76,1151567,5wyWp867LWGjFmYZXVSFnZ
Dreamville,78,186560,1iNqsUDUraNWrj00bqssQG
DJ Khaled,82,4390256,0QHgL1lAIqAw0HtD7YldmP
BRADO,65,23580,0Mh0QuhaJ6WIW0qrJwzMmt
OutKast,78,1251926,1G9G7WwrXka3Z1r7aIDjI7
Florence + The Machine,80,4991609,1moxjboGR7GNWYIMWsRjgG
"Ray Parker, Jr.",58,34962,0NyzfcGDZZ6GM25EBG9BYK
DJ Khaled,82,4390256,0QHgL1lAIqAw0HtD7YldmP
The Weeknd,96,18323290,1Xyo4u8uXC1ZmMpatF05PJ
Keiino,56,16925,0chh7dlaUzEreDTulHiOlm
NF,89,2865437,6fOMl44jA4Sp5b9PpYCkzz
Ariana Grande,97,40958727,66CXWjxzNUsdJxJ2JdwvnR
The Cratez,76,7160,3pVfscwg2QxhdHtk966inb
Maroon 5,94,21668307,04gDigrS5kc9YWfZHwBETP
Taylor Swift,95,25846444,06HL4z0CvFAxyc27GXpf02
Summer Cem,81,818637,3drqpTL4sQOckmAfF9i1wg
"Bobby ""Boris"" Pickett",47,11162,42MRYPhQfcEXqb18dl5ERX
RAF Camora,85,1053568,0Dvx6p8JDyzeOPGmaCIH1L
A$AP Ferg,81,2237199,5dHt1vcEm9qb8fCyLcB3HL
Kenny Man,66,130713,6SGvRyZuaSuWmP6IWUKpGf
Bad Bunny,98,17863391,4q3ewBCX7sLwd24euuV69X
John Lundvik,56,19341,11LbPHLi2sCqOVjknt0jmW
MC Kevin o Chris,84,1139072,2UMj7NCbuqy1yUZmiSYGjJ
Mc Livinho,79,5100158,7me0S5Z40qVWj3gzyK8aC3
Gabriel Diniz,65,961614,3WQ1s2QFvL6crxBvrVhwzj
KAROL G,92,7947851,790FomKkXshlbRYZFtlgla
Hailee Steinfeld,82,5192876,5p7f24Rk5HkUZsaS3BLG5F
Andy Grammer,77,716103,2oX42qP5ineK3hrhBECLmj
Vince Guaraldi Trio,75,75655,4ytkhMSAnrDP8XzRNlw9FS
PNL,80,2607096,3NH8t45zOTqzlZgBvZRjvB
Beyoncé,90,21495344,6vWDO969PvNqNYHIOW5v0m
Brenda Lee,78,148590,4cPHsZM98sKzmV26wlwD2W
Kygo,89,5922832,23fqKkggKUBHNkbKtXEls4
Peter Manos,62,46099,4K9aclpXgCPNFGEqRlFPal
Beyoncé,90,21495344,6vWDO969PvNqNYHIOW5v0m
Coldplay,92,24034836,4gzpq5DPGxSnKTe4SA8HAU
Frank Sinatra,88,3528165,1Mxqyy3pSjf8kZZL4QVxS0
Vince Guaraldi Trio,75,75655,4ytkhMSAnrDP8XzRNlw9FS
Carpenters,77,1181983,1eEfMU2AhEo7XnKgL7c304
Juice WRLD,98,7403812,4MCBfE4596Uoi2O4DtmEMz
BLACKPINK,83,10276873,41MozSoPIsD1dJM0CLPjZF
Beyoncé,90,21495344,6vWDO969PvNqNYHIOW5v0m
PNL,80,2607096,3NH8t45zOTqzlZgBvZRjvB
Beyoncé,90,21495344,6vWDO969PvNqNYHIOW5v0m
Trippie Redd,92,3998147,6Xgp2XMz1fhVYe7i6yNAax
Burl Ives,75,36275,0MHgLfmQdutffmvWe5XBTN
Trippie Redd,92,3998147,6Xgp2XMz1fhVYe7i6yNAax
PNL,80,2607096,3NH8t45zOTqzlZgBvZRjvB
Drake,99,43763483,3TVXtAsR1Inumwj472S9r4
Frank Sinatra,88,3528165,1Mxqyy3pSjf8kZZL4QVxS0
Trippie Redd,92,3998147,6Xgp2XMz1fhVYe7i6yNAax
John Legend,85,4804945,5y2Xq6xcjJb2jVM54GHK3t
Michael Bublé,92,3547268,1GxkXlMwML1oSg5eLPiAz3
Avicii,89,16559762,1vCWHaC5f2uS3yhpwWbIA6
DJ Snake,88,6393532,540vIaP2JwjQb9dm3aArA4
Rammstein,83,3823990,6wWVKhxIU2cEi0K81v7HvP
Shindy,76,608268,5j21TGkrNEAJe3gG9VlS34
Jonas Brothers,87,3492262,7gOdHgIoIKoe4i9Tta6qdD
Logic,87,4329265,4xRYI6VqpkE3UwrDrAZL8L
DaBaby,95,1799463,4r63FhuTkUYltbVAg5TQnk
Stormzy,88,1308575,2SrSdSvpminqmStGELCSNd
Miley Cyrus,87,10744522,5YGY8feqx7naU7z4HrwZM6
Halsey,92,9063023,26VFTg2z8YR0cCuwLzESi2
Beyoncé,90,21495344,6vWDO969PvNqNYHIOW5v0m
Lil Nas X,87,2218983,7jVv8c5Fj3E9VhNjxT4snq
PNL,80,2607096,3NH8t45zOTqzlZgBvZRjvB
PNL,80,2607096,3NH8t45zOTqzlZgBvZRjvB
Lukas Graham,79,1599559,25u4wHJWxCA9vO0CzxAbK7
Avicii,89,16559762,1vCWHaC5f2uS3yhpwWbIA6
YUNGBLUD,81,666904,6Ad91Jof8Niiw0lGLLi3NW
Camila Cabello,96,14245838,4nDoRrQiYLoBzwC5BhVJzF
Nekfeu,80,1154381,4LXBc13z5EWsc5N32bLxfH
Pretenders,71,659702,0GByy3DcfbQwDvXGCWmzv9
Drake,99,43763483,3TVXtAsR1Inumwj472S9r4
Rammstein,83,3823990,6wWVKhxIU2cEi0K81v7HvP
Sam Smith,92,11220622,2wY79sveU1sp5g7SokKOiI
TOOL,78,1126207,2yEwvVSSSUkcLeSTNyHKh8
Tory Lanez,87,2680869,2jku7tDXc6XoB6MO2hFuqg
DJ Snake,88,6393532,540vIaP2JwjQb9dm3aArA4
PNL,80,2607096,3NH8t45zOTqzlZgBvZRjvB
Madonna,81,3692800,6tbjWDEIzxoDsBA1FuhfPW
Carpenters,77,1181983,1eEfMU2AhEo7XnKgL7c304
Wizzard,62,19412,7823Dim2TzjiQQ9wRQxyi9
Anitta,89,8588071,7FNnA9vBm6EKceENgCGRMb
Dua Lipa,93,14982761,6M2wZ9GZgrQXHCFfjv46we
Nekfeu,80,1154381,4LXBc13z5EWsc5N32bLxfH
Bing Crosby,85,279435,6ZjFtWeHP9XN7FeKSUe80S
Lewis Capaldi,92,2143489,4GNC7GD6oZMSxPGyXy4MNB
Mark Ronson,83,749288,3hv9jJF3adDNsBSIQDqcjp
John Mayer,86,4315368,0hEurMDQu99nJRq8pTxO14
Jonas Brothers,87,3492262,7gOdHgIoIKoe4i9Tta6qdD
Young Thug,94,4744074,50co4Is1HCEo8bhOyUWKpn
Beyoncé,90,21495344,6vWDO969PvNqNYHIOW5v0m
Shindy,76,608268,5j21TGkrNEAJe3gG9VlS34
Juice WRLD,98,7403812,4MCBfE4596Uoi2O4DtmEMz
ScHoolboy Q,81,2913150,5IcR3N7QB1j6KBL8eImZ8m
Future,91,8253537,1RyvyyTE3xzB2ZywiAwp0i
DaBaby,95,1799463,4r63FhuTkUYltbVAg5TQnk
5 Seconds of Summer,87,5627772,5Rl15oVamLq7FbSb0NNBNy
Shirin David,69,336391,0JBdTCGs111JKKYfLqOEBa
Dreamville,78,186560,1iNqsUDUraNWrj00bqssQG
Miley Cyrus,87,10744522,5YGY8feqx7naU7z4HrwZM6
Rihanna,92,35820484,5pKCCKE2ajJHZ9KAiaK11H
Juice WRLD,98,7403812,4MCBfE4596Uoi2O4DtmEMz
Future,91,8253537,1RyvyyTE3xzB2ZywiAwp0i
Drake,99,43763483,3TVXtAsR1Inumwj472S9r4
Jonas Brothers,87,3492262,7gOdHgIoIKoe4i9Tta6qdD
SSIO,73,315398,3IrUyDPQlQFcB5lMWhPml2
R3HAB,85,1938755,6cEuCEZu7PAE9ZSzLLc2oQ
Beyoncé,90,21495344,6vWDO969PvNqNYHIOW5v0m
BLACKPINK,83,10276873,41MozSoPIsD1dJM0CLPjZF
Young Thug,94,4744074,50co4Is1HCEo8bhOyUWKpn
Khalid,96,10092177,6LuN9FCkKOj5PcnpouEgny
Daniel Caesar,82,1707237,20wkVLutqVOYrc0kxFs7rA
Brett Eldredge,77,1046901,0qSX3s5pJnAlSsgsCne8Cz
Kelly Clarkson,84,6010734,3BmGtnKgCSGYIUhmivXKWX
Ty Dolla $ign,90,3098904,7c0XG5cIJTrrAgEC3ULPiq
Jonas Brothers,87,3492262,7gOdHgIoIKoe4i9Tta6qdD
Trippie Redd,92,3998147,6Xgp2XMz1fhVYe7i6yNAax
Trippie Redd,92,3998147,6Xgp2XMz1fhVYe7i6yNAax
Michael Jackson,86,13384291,3fMbdgg4jU18AjLCKBhRSm
PNL,80,2607096,3NH8t45zOTqzlZgBvZRjvB
Michael Bublé,92,3547268,1GxkXlMwML1oSg5eLPiAz3
Slipknot,83,5347669,05fG473iIaoy82BF1aGhL8
Slipknot,83,5347669,05fG473iIaoy82BF1aGhL8
Rockwell,86,13384291,3fMbdgg4jU18AjLCKBhRSm
Rammstein,83,3823990,6wWVKhxIU2cEi0K81v7HvP
Loredana,78,565240,2Im8m4STDBosjfmb5hmP80
Jonas Brothers,87,3492262,7gOdHgIoIKoe4i9Tta6qdD
Gemitaiz,79,1432373,4upwdFMlZBmQ68jP9jPzjK
Bring Me The Horizon,81,2767688,1Ffb6ejR6Fe5IamqA5oRUF
James Bay,81,2668340,4EzkuveR9pLvDVFNx6foYD
Sia,90,15317280,5WUlDfRSoLAfcVSX1WnrxN
TOOL,78,1126207,2yEwvVSSSUkcLeSTNyHKh8
ScHoolboy Q,81,2913150,5IcR3N7QB1j6KBL8eImZ8m
Trippie Redd,92,3998147,6Xgp2XMz1fhVYe7i6yNAax
TOOL,78,1126207,2yEwvVSSSUkcLeSTNyHKh8
Logic,87,4329265,4xRYI6VqpkE3UwrDrAZL8L
Ufo361,83,1230672,5pVRwX5ZQR7hfJ18w8ZYkl
tha Supreme,86,510487,19i93sA0D7yS9dYoVNBqAA
RAF Camora,85,1053568,0Dvx6p8JDyzeOPGmaCIH1L
BROCKHAMPTON,84,1162941,1Bl6wpkWCQ4KVgnASpvzzA
Future,91,8253537,1RyvyyTE3xzB2ZywiAwp0i
Adele,87,19354923,4dpARuHxo51G3z768sgnrY
Miley Cyrus,87,10744522,5YGY8feqx7naU7z4HrwZM6
Bastille,85,4062271,7EQ0qTo7fWT7DPxmxtSYEc
PNL,80,2607096,3NH8t45zOTqzlZgBvZRjvB
Herve Pagez,55,4085,31JFnMfmvwzZGdEnXaKGek
XXXTENTACION,95,17294420,15UsOTVnJzReFVN1VCnxy4
Avicii,89,16559762,1vCWHaC5f2uS3yhpwWbIA6
Machine Gun Kelly,84,1813344,6TIYQ3jFPwQSRmorSezPxX
Jess Glynne,82,1951952,4ScCswdRlyA23odg9thgIO
Beyoncé,90,21495344,6vWDO969PvNqNYHIOW5v0m
DJ Khaled,82,4390256,0QHgL1lAIqAw0HtD7YldmP
Lauv,91,2139634,5JZ7CnR6gTvEMKX4g70Amv
Nekfeu,80,1154381,4LXBc13z5EWsc5N32bLxfH
SiR,74,244501,3QTDHixorJelOLxoxcjqGx
Beyoncé,90,21495344,6vWDO969PvNqNYHIOW5v0m
John Legend,85,4804945,5y2Xq6xcjJb2jVM54GHK3t
"Earth, Wind & Fire",77,2153254,4QQgXkCYTt3BlENzhyNETg
Khalid,96,10092177,6LuN9FCkKOj5PcnpouEgny
Future,91,8253537,1RyvyyTE3xzB2ZywiAwp0i
Vampire Weekend,76,1506832,5BvJzeQpmsdsFp4HGUYUEx
Juice WRLD,98,7403812,4MCBfE4596Uoi2O4DtmEMz
Ninho,84,2588183,6Te49r3A6f5BiIgBRxH7FH
Maggie Rogers,76,529130,4NZvixzsSefsNiIqXn0NDe
OneRepublic,86,9208531,5Pwc4xIPtQLFEnJriah9YJ
Martin Garrix,88,12498138,60d24wfXkVzDSfLS6hyCjZ
Logic,87,4329265,4xRYI6VqpkE3UwrDrAZL8L
Nat King Cole Trio,63,83264,3OpnoUqoRIHWbsFs4Nw0NQ
Jona Lewie,61,5127,3nohf4qILMr5aUSOsolwxB
Marracash,83,836175,5AZuEF0feCXMkUCwQiQlW7
tha Supreme,86,510487,19i93sA0D7yS9dYoVNBqAA
PNL,80,2607096,3NH8t45zOTqzlZgBvZRjvB
Brett Eldredge,77,1046901,0qSX3s5pJnAlSsgsCne8Cz
MERO,76,1151567,5wyWp867LWGjFmYZXVSFnZ
Logic,87,4329265,4xRYI6VqpkE3UwrDrAZL8L
Ninho,84,2588183,6Te49r3A6f5BiIgBRxH7FH
Drake,99,43763483,3TVXtAsR1Inumwj472S9r4
The Police,80,3237510,5NGO30tJxFlKixkPSgXcFE
Ninho,84,2588183,6Te49r3A6f5BiIgBRxH7FH
ScHoolboy Q,81,2913150,5IcR3N7QB1j6KBL8eImZ8m
Slipknot,83,5347669,05fG473iIaoy82BF1aGhL8
Avicii,89,16559762,1vCWHaC5f2uS3yhpwWbIA6
Trippie Redd,92,3998147,6Xgp2XMz1fhVYe7i6yNAax
benny blanco,83,458671,5CiGnKThu5ctn9pBxv7DGa
ScHoolboy Q,81,2913150,5IcR3N7QB1j6KBL8eImZ8m
Avicii,89,16559762,1vCWHaC5f2uS3yhpwWbIA6
Nipsey Hussle,79,1253075,0EeQBlQJFiAfJeVN2vT9s0
The 1975,83,3733356,3mIj9lX2MWuHmhNCA7LSCW
Chance the Rapper,87,4587455,1anyVhU62p31KFi8MEzkbf
Camila Cabello,96,14245838,4nDoRrQiYLoBzwC5BhVJzF
Solange,71,949175,2auiVi8sUZo17dLy1HwrTU
Jonas Brothers,87,3492262,7gOdHgIoIKoe4i9Tta6qdD
NAV,83,1763142,7rkW85dBwwrJtlHRDkJDAC
Lazza,77,410667,0jdNdfi4vAuVi7a6cPDFBM
Nekfeu,80,1154381,4LXBc13z5EWsc5N32bLxfH
Rammstein,83,3823990,6wWVKhxIU2cEi0K81v7HvP
Big Sean,86,6962784,0c173mlxpT3dSFRgMO8XPh
Major Lazer,86,5890848,738wLrAtLtCtFOLvQBXOXp
Nekfeu,80,1154381,4LXBc13z5EWsc5N32bLxfH
BROCKHAMPTON,84,1162941,1Bl6wpkWCQ4KVgnASpvzzA
Lana Del Rey,89,9718093,00FQb4jTyendYWaN8pK0wa
Marracash,83,836175,5AZuEF0feCXMkUCwQiQlW7
Ufo361,83,1230672,5pVRwX5ZQR7hfJ18w8ZYkl
Nekfeu,80,1154381,4LXBc13z5EWsc5N32bLxfH
Foster The People,79,2785332,7gP3bB2nilZXLfPHJhMdvc
Marshmello,90,20341696,64KEffDW9EtZ1y2vBYgq8T
Chris Brown,93,10352577,7bXgB6jMjp9ATFy66eO08Z
Tory Lanez,87,2680869,2jku7tDXc6XoB6MO2hFuqg
The Black Keys,78,3089814,7mnBLXK823vNxN3UWB7Gfz
Offset,89,1389641,4DdkRBBYG6Yk9Ka8tdJ9BW
Christina Perri,77,2305922,7H55rcKCfwqkyDFH9wpKM6
Drake,99,43763483,3TVXtAsR1Inumwj472S9r4
Tory Lanez,87,2680869,2jku7tDXc6XoB6MO2hFuqg
Lil Nas X,87,2218983,7jVv8c5Fj3E9VhNjxT4snq
ScHoolboy Q,81,2913150,5IcR3N7QB1j6KBL8eImZ8m
Coldplay,92,24034836,4gzpq5DPGxSnKTe4SA8HAU
NF,89,2865437,6fOMl44jA4Sp5b9PpYCkzz
Ellie Goulding,87,7390843,0X2BH1fck6amBIoJhDVmmJ
Ufo361,83,1230672,5pVRwX5ZQR7hfJ18w8ZYkl
Marracash,83,836175,5AZuEF0feCXMkUCwQiQlW7
Gunna,92,1709666,2hlmm7s2ICUX0LVIhVFlZQ
Lana Del Rey,89,9718093,00FQb4jTyendYWaN8pK0wa
Bon Iver,79,2519827,4LEiUm1SRbFMgfqnQTwUbQ
Nipsey Hussle,79,1253075,0EeQBlQJFiAfJeVN2vT9s0
Charlie Puth,85,9096895,6VuMaDnrHyPL1p4EHjYLi7
Nekfeu,80,1154381,4LXBc13z5EWsc5N32bLxfH
Rich The Kid,84,1933809,1pPmIToKXyGdsCF6LmqLmI
The Killers,82,5086937,0C0XlULifJtAgn6ZNCW2eu
Dreamville,78,186560,1iNqsUDUraNWrj00bqssQG
Charlie Charles,65,409182,1UCxzrM5WJh9ure5vCcsim
Nekfeu,80,1154381,4LXBc13z5EWsc5N32bLxfH
Luis Fonsi,84,7880988,4V8Sr092TqfHkfAA5fXXqG
Juice WRLD,98,7403812,4MCBfE4596Uoi2O4DtmEMz
Tove Lo,81,2275444,4NHQUGzhtTLFvgF5SZesLK
MERO,76,1151567,5wyWp867LWGjFmYZXVSFnZ
Gryffin,80,418783,2ZRQcIgzPCVaT9XKhXZIzh
Young Thug,94,4744074,50co4Is1HCEo8bhOyUWKpn
Beyoncé,90,21495344,6vWDO969PvNqNYHIOW5v0m
Jonas Brothers,87,3492262,7gOdHgIoIKoe4i9Tta6qdD
Lil Pump,83,6375460,3wyVrVrFCkukjdVIdirGVY
Lil Pump,83,6375460,3wyVrVrFCkukjdVIdirGVY
Apache 207,86,459884,1qQLhymHXFPtP5U8KNKsm6
Rex Orange County,84,1710964,7pbDxGE6nQSZVfiFdq9lOL
NAV,83,1763142,7rkW85dBwwrJtlHRDkJDAC
Trippie Redd,92,3998147,6Xgp2XMz1fhVYe7i6yNAax
Ariana Grande,97,40958727,66CXWjxzNUsdJxJ2JdwvnR
Capital Bra,86,2984316,4WZGDpNwrC0vNQyl9QzF7d
The 1975,83,3733356,3mIj9lX2MWuHmhNCA7LSCW
French Montana,87,3261832,6vXTefBL93Dj5IqAWq6OTv
Jonas Brothers,87,3492262,7gOdHgIoIKoe4i9Tta6qdD
Ninho,84,2588183,6Te49r3A6f5BiIgBRxH7FH
TOOL,78,1126207,2yEwvVSSSUkcLeSTNyHKh8
tha Supreme,86,510487,19i93sA0D7yS9dYoVNBqAA
James Bay,81,2668340,4EzkuveR9pLvDVFNx6foYD
Juice WRLD,98,7403812,4MCBfE4596Uoi2O4DtmEMz
Daniel Caesar,82,1707237,20wkVLutqVOYrc0kxFs7rA
Trippie Redd,92,3998147,6Xgp2XMz1fhVYe7i6yNAax
ScHoolboy Q,81,2913150,5IcR3N7QB1j6KBL8eImZ8m
Logic,87,4329265,4xRYI6VqpkE3UwrDrAZL8L
Shirin David,69,336391,0JBdTCGs111JKKYfLqOEBa
Fero47,73,298804,4A7HeXSd4HtQuf6IR5XZ1b
MERO,76,1151567,5wyWp867LWGjFmYZXVSFnZ
Lil Skies,85,3588556,7d3WFRME3vBY2cgoP38RDo
Charli XCX,81,1912450,25uiPmTg16RbhZWAqwLBy5
Juice WRLD,98,7403812,4MCBfE4596Uoi2O4DtmEMz
Halsey,92,9063023,26VFTg2z8YR0cCuwLzESi2
Ninho,84,2588183,6Te49r3A6f5BiIgBRxH7FH
Bebe Rexha,87,4604422,64M6ah0SkkRsnPGtGiRAbb
Marracash,83,836175,5AZuEF0feCXMkUCwQiQlW7
Future,91,8253537,1RyvyyTE3xzB2ZywiAwp0i
Trippie Redd,92,3998147,6Xgp2XMz1fhVYe7i6yNAax
Gemitaiz,79,1432373,4upwdFMlZBmQ68jP9jPzjK
Madonna,81,3692800,6tbjWDEIzxoDsBA1FuhfPW
Gunna,92,1709666,2hlmm7s2ICUX0LVIhVFlZQ
BLACKPINK,83,10276873,41MozSoPIsD1dJM0CLPjZF
Future,91,8253537,1RyvyyTE3xzB2ZywiAwp0i
Jonas Brothers,87,3492262,7gOdHgIoIKoe4i9Tta6qdD
MERO,76,1151567,5wyWp867LWGjFmYZXVSFnZ
Jonas Brothers,87,3492262,7gOdHgIoIKoe4i9Tta6qdD
Trippie Redd,92,3998147,6Xgp2XMz1fhVYe7i6yNAax
Bring Me The Horizon,81,2767688,1Ffb6ejR6Fe5IamqA5oRUF
Lil Nas X,87,2218983,7jVv8c5Fj3E9VhNjxT4snq
ScHoolboy Q,81,2913150,5IcR3N7QB1j6KBL8eImZ8m
Lana Del Rey,89,9718093,00FQb4jTyendYWaN8pK0wa
Alicia Keys,83,7027601,3DiDSECUqqY1AuBP8qtaIa
Offset,89,1389641,4DdkRBBYG6Yk9Ka8tdJ9BW
Logic,87,4329265,4xRYI6VqpkE3UwrDrAZL8L
Drake,99,43763483,3TVXtAsR1Inumwj472S9r4
Azet,75,941010,39KEQQAG9JhIt71g9NEVhh
Lil Pump,83,6375460,3wyVrVrFCkukjdVIdirGVY
The Weeknd,96,18323290,1Xyo4u8uXC1ZmMpatF05PJ
Mustard,86,540694,0YinUQ50QDB7ZxSCLyQ40k
Slipknot,83,5347669,05fG473iIaoy82BF1aGhL8
Zé Neto & Cristiano,86,9236336,487N2T9nIPEHrlTZLL3SQs
Rammstein,83,3823990,6wWVKhxIU2cEi0K81v7HvP
Majid Jordan,73,465221,4HzKw8XcD0piJmDrrPRCYk
Rammstein,83,3823990,6wWVKhxIU2cEi0K81v7HvP
DJ Khaled,82,4390256,0QHgL1lAIqAw0HtD7YldmP
tha Supreme,86,510487,19i93sA0D7yS9dYoVNBqAA
Chance the Rapper,87,4587455,1anyVhU62p31KFi8MEzkbf
Ninho,84,2588183,6Te49r3A6f5BiIgBRxH7FH
Rammstein,83,3823990,6wWVKhxIU2cEi0K81v7HvP
Lauren Jauregui,64,614558,3J0BpFVUc9LeOIVeN5uNhU
Future,91,8253537,1RyvyyTE3xzB2ZywiAwp0i
Dreamville,78,186560,1iNqsUDUraNWrj00bqssQG
Summer Walker,85,821531,57LYzLEk2LcFghVwuWbcuS
Azet,75,941010,39KEQQAG9JhIt71g9NEVhh
Marracash,83,836175,5AZuEF0feCXMkUCwQiQlW7
Tame Impala,84,3187891,5INjqkS1o8h1imAzPqGZBb
Taylor Swift,95,25846444,06HL4z0CvFAxyc27GXpf02
Stevie Wonder,83,3992296,7guDJrEfX3qb6FEbdPA5qi
Lil Nas X,87,2218983,7jVv8c5Fj3E9VhNjxT4snq
David Guetta,90,20802505,1Cs0zKBU1kc0i8ypK3B9ai
Flume,80,1915985,6nxWCVXbOlEVRexSbLsTer
Miami Yacine,71,614631,1XKjtpH5P81gpOXDB91IEB
Gunna,92,1709666,2hlmm7s2ICUX0LVIhVFlZQ
French Montana,87,3261832,6vXTefBL93Dj5IqAWq6OTv
Hozier,83,3687145,2FXC3k01G6Gw61bmprjgqS
Chance the Rapper,87,4587455,1anyVhU62p31KFi8MEzkbf
ILLENIUM,84,765442,45eNHdiiabvmbp4erw26rg
Niska,81,2629099,7CUFPNi1TU8RowpnFRSsZV
LANY,83,2172289,49tQo2QULno7gxHutgccqF
Charli XCX,81,1912450,25uiPmTg16RbhZWAqwLBy5
Lynyrd Skynyrd,77,2508080,4MVyzYMgTwdP7Z49wAZHx0
The Cranberries,77,1887496,7t0rwkOPGlDPEhaOcVtOt9
Shirin David,69,336391,0JBdTCGs111JKKYfLqOEBa
French Montana,87,3261832,6vXTefBL93Dj5IqAWq6OTv
Drake,99,43763483,3TVXtAsR1Inumwj472S9r4
Lord Huron,75,627941,6ltzsmQQbmdoHHbLZ4ZN25
Bastille,85,4062271,7EQ0qTo7fWT7DPxmxtSYEc
Coez,75,1399599,5dXlc7MnpaTeUIsHLVe3n4
blink-182,83,5597148,6FBDaR13swtiWwGhX1WQsP
Selena Gomez,93,18882676,0C8ZW7ezQVs4URX5aX7Kqx
Kesha,82,5166468,6LqNN22kT3074XbTVUrhzX
P!nk,86,7714421,1KCSPY1glIKqW2TotWuXOR
Trippie Redd,92,3998147,6Xgp2XMz1fhVYe7i6yNAax
Trippie Redd,92,3998147,6Xgp2XMz1fhVYe7i6yNAax
Pabllo Vittar,78,2606909,6tzRZ39aZlNqlUzQlkuhDV
tha Supreme,86,510487,19i93sA0D7yS9dYoVNBqAA
Jonas Brothers,87,3492262,7gOdHgIoIKoe4i9Tta6qdD
Bad Bunny,98,17863391,4q3ewBCX7sLwd24euuV69X
Beyoncé,90,21495344,6vWDO969PvNqNYHIOW5v0m
DJ Khaled,82,4390256,0QHgL1lAIqAw0HtD7YldmP
Drake,99,43763483,3TVXtAsR1Inumwj472S9r4
Future,91,8253537,1RyvyyTE3xzB2ZywiAwp0i
Major Lazer,86,5890848,738wLrAtLtCtFOLvQBXOXp
YG,86,2020926,0A0FS04o6zMoto8OKPsDwY
Young Thug,94,4744074,50co4Is1HCEo8bhOyUWKpn
Sia,90,15317280,5WUlDfRSoLAfcVSX1WnrxN
XXXTENTACION,95,17294420,15UsOTVnJzReFVN1VCnxy4
MC JottaPê,74,110076,5GqnSMX8p2hxqsM6LqDty3
Gzuz,80,839664,5eioJDe26lOqkAMbuhzZYs
Shirin David,69,336391,0JBdTCGs111JKKYfLqOEBa
Chance the Rapper,87,4587455,1anyVhU62p31KFi8MEzkbf
Trippie Redd,92,3998147,6Xgp2XMz1fhVYe7i6yNAax
Alessia Cara,85,6587644,2wUjUUtkb5lvLKcGKsKqsR
EXO,81,5052416,3cjEqqelV9zb4BYE3qDQ4O
Trippie Redd,92,3998147,6Xgp2XMz1fhVYe7i6yNAax
Fedez,66,1338431,3pgCLfNbw5ozIfoNsvDU7i
Jhené Aiko,83,2746515,5ZS223C6JyBfXasXxrRqOk
Drake,99,43763483,3TVXtAsR1Inumwj472S9r4
Marília Mendonça,90,12972222,1yR65psqiazQpeM79CcGh8
Young Thug,94,4744074,50co4Is1HCEo8bhOyUWKpn
BROCKHAMPTON,84,1162941,1Bl6wpkWCQ4KVgnASpvzzA
Childish Gambino,82,5815496,73sIBHcqh3Z3NyqHKZ7FOL
Bass Santana,95,17294420,15UsOTVnJzReFVN1VCnxy4
Mabel,82,554723,1MIVXf74SZHmTIp4V4paH4
XXXTENTACION,95,17294420,15UsOTVnJzReFVN1VCnxy4
Melanie Martinez,83,5683455,63yrD80RY3RNEM2YDpUpO8
Lexa,79,1370858,0jTDeBJQr3unrK29LklnAv
Dardan,73,589678,3pjq2pDV9RR6VY55wBjVnp
Chance the Rapper,87,4587455,1anyVhU62p31KFi8MEzkbf
Nicky Jam,94,10569805,1SupJlEpv7RS2tPNRaHViT
Thalía,76,2335302,23wEWD21D4TPYiJugoXmYb
French Montana,87,3261832,6vXTefBL93Dj5IqAWq6OTv
5 Seconds of Summer,87,5627772,5Rl15oVamLq7FbSb0NNBNy
Luis Fonsi,84,7880988,4V8Sr092TqfHkfAA5fXXqG
Stephanie Poetri,68,121091,0HS00NN7MAfF59aJnfcxSO
Seeb,78,137602,5iNrZmtVMtYev5M9yoWpEq
Queen,93,22898929,1dfeR4HaWDbWqFHLkxsg1d
Bruno Mars,91,23431906,0du5cEVh5yTK9QJze8zA0C
a-ha,75,1052313,2jzc5TC5TVFLXQlBNiIUzE
Humberto & Ronaldo,70,885153,1zEo6Fk1iaaOYFlFPBHCFn
Sia,90,15317280,5WUlDfRSoLAfcVSX1WnrxN
LX,71,64625,10XY9PZCJKzUFzZOdtlQLU
Bee Gees,79,2834719,1LZEQNv7sE11VDY3SdxQeN
MC Kevin o Chris,84,1139072,2UMj7NCbuqy1yUZmiSYGjJ
Henrique & Juliano,84,9577443,3p7PcrEHaaKLJnPUGOtRlT
